,prop,lambda,theta,sample,sample_avg,acc_mhs
0,normal_dep,10.0,1e-06,0,0.9348045885442746,0.9331983685122911
1,normal_dep,10.0,1e-06,1,0.9348045885442746,0.9352061435522704
2,normal_dep,10.0,1e-06,2,0.9348045885442746,0.9352061435522704
3,normal_dep,10.0,1e-06,3,0.9348045885442746,0.9352061435522704
4,normal_dep,10.0,1e-06,4,0.9348045885442746,0.9352061435522704
5,normal_dep,10.0,1e-05,0,0.9352061435522703,0.9352061435522704
6,normal_dep,10.0,1e-05,1,0.9352061435522703,0.9352061435522704
7,normal_dep,10.0,1e-05,2,0.9352061435522703,0.9352061435522704
8,normal_dep,10.0,1e-05,3,0.9352061435522703,0.9352061435522704
9,normal_dep,10.0,1e-05,4,0.9352061435522703,0.9352061435522704
10,normal_dep,10.0,0.0001,0,0.9352061435522703,0.9352061435522704
11,normal_dep,10.0,0.0001,1,0.9352061435522703,0.9352061435522704
12,normal_dep,10.0,0.0001,2,0.9352061435522703,0.9352061435522704
13,normal_dep,10.0,0.0001,3,0.9352061435522703,0.9352061435522704
14,normal_dep,10.0,0.0001,4,0.9352061435522703,0.9352061435522704
15,normal_dep,10.0,0.001,0,0.9352061435522703,0.9352061435522704
16,normal_dep,10.0,0.001,1,0.9352061435522703,0.9352061435522704
17,normal_dep,10.0,0.001,2,0.9352061435522703,0.9352061435522704
18,normal_dep,10.0,0.001,3,0.9352061435522703,0.9352061435522704
19,normal_dep,10.0,0.001,4,0.9352061435522703,0.9352061435522704
20,normal_dep,10.0,0.01,0,0.9467565137475923,1.0223953881428376
21,normal_dep,10.0,0.01,1,0.9467565137475923,0.9391617105477658
22,normal_dep,10.0,0.01,2,0.9467565137475923,1.0184519831191254
23,normal_dep,10.0,0.01,3,0.9467565137475923,0.9420457582888363
24,normal_dep,10.0,0.01,4,0.9467565137475923,0.8117277286393962
25,normal_dep,10.0,0.1,0,0.7548899716074597,0.7188780077160022
26,normal_dep,10.0,0.1,1,0.7548899716074597,0.769334001654059
27,normal_dep,10.0,0.1,2,0.7548899716074597,0.7168715328501398
28,normal_dep,10.0,0.1,3,0.7548899716074597,0.7027333699827464
29,normal_dep,10.0,0.1,4,0.7548899716074597,0.8666329458343516
30,normal_dep,10.0,1.0,0,0.7456160756890267,0.7748153625965855
31,normal_dep,10.0,1.0,1,0.7456160756890267,0.8122818275814776
32,normal_dep,10.0,1.0,2,0.7456160756890267,0.6794744149083884
33,normal_dep,10.0,1.0,3,0.7456160756890267,0.6898594486073
34,normal_dep,10.0,1.0,4,0.7456160756890267,0.771649324751382
35,normal_dep,10.0,10.0,0,0.8305162057562173,1.0249685286345809
36,normal_dep,10.0,10.0,1,0.8305162057562173,0.8383590523695602
37,normal_dep,10.0,10.0,2,0.8305162057562173,0.7608864900225671
38,normal_dep,10.0,10.0,3,0.8305162057562173,0.6476357405009064
39,normal_dep,10.0,10.0,4,0.8305162057562173,0.8807312172534717
40,normal_dep,100.0,1e-06,0,0.9352061435522703,0.9352061435522704
41,normal_dep,100.0,1e-06,1,0.9352061435522703,0.9352061435522704
42,normal_dep,100.0,1e-06,2,0.9352061435522703,0.9352061435522704
43,normal_dep,100.0,1e-06,3,0.9352061435522703,0.9352061435522704
44,normal_dep,100.0,1e-06,4,0.9352061435522703,0.9352061435522704
45,normal_dep,100.0,1e-05,0,0.9352061435522703,0.9352061435522704
46,normal_dep,100.0,1e-05,1,0.9352061435522703,0.9352061435522704
47,normal_dep,100.0,1e-05,2,0.9352061435522703,0.9352061435522704
48,normal_dep,100.0,1e-05,3,0.9352061435522703,0.9352061435522704
49,normal_dep,100.0,1e-05,4,0.9352061435522703,0.9352061435522704
50,normal_dep,100.0,0.0001,0,0.9352061435522703,0.9352061435522704
51,normal_dep,100.0,0.0001,1,0.9352061435522703,0.9352061435522704
52,normal_dep,100.0,0.0001,2,0.9352061435522703,0.9352061435522704
53,normal_dep,100.0,0.0001,3,0.9352061435522703,0.9352061435522704
54,normal_dep,100.0,0.0001,4,0.9352061435522703,0.9352061435522704
55,normal_dep,100.0,0.001,0,0.9352061435522703,0.9352061435522704
56,normal_dep,100.0,0.001,1,0.9352061435522703,0.9352061435522704
57,normal_dep,100.0,0.001,2,0.9352061435522703,0.9352061435522704
58,normal_dep,100.0,0.001,3,0.9352061435522703,0.9352061435522704
59,normal_dep,100.0,0.001,4,0.9352061435522703,0.9352061435522704
60,normal_dep,100.0,0.01,0,0.5321915439159097,0.48374556935185886
61,normal_dep,100.0,0.01,1,0.5321915439159097,0.48384505976108977
62,normal_dep,100.0,0.01,2,0.5321915439159097,0.5144371980121998
63,normal_dep,100.0,0.01,3,0.5321915439159097,0.6139635706702063
64,normal_dep,100.0,0.01,4,0.5321915439159097,0.5649663217841943
65,normal_dep,100.0,0.1,0,0.2974106424369446,0.25889894972330013
66,normal_dep,100.0,0.1,1,0.2974106424369446,0.3377521998305389
67,normal_dep,100.0,0.1,2,0.2974106424369446,0.32216432343345885
68,normal_dep,100.0,0.1,3,0.2974106424369446,0.3140639138014535
69,normal_dep,100.0,0.1,4,0.2974106424369446,0.2541738253959719
70,normal_dep,100.0,1.0,0,0.3110427055873806,0.30793761536465775
71,normal_dep,100.0,1.0,1,0.3110427055873806,0.3558119951414498
72,normal_dep,100.0,1.0,2,0.3110427055873806,0.30791504043942763
73,normal_dep,100.0,1.0,3,0.3110427055873806,0.26999945026996086
74,normal_dep,100.0,1.0,4,0.3110427055873806,0.31354942672140695
75,normal_dep,100.0,10.0,0,0.30816591793664255,0.282896275807398
76,normal_dep,100.0,10.0,1,0.30816591793664255,0.3388976319162779
77,normal_dep,100.0,10.0,2,0.30816591793664255,0.25692493785060916
78,normal_dep,100.0,10.0,3,0.30816591793664255,0.4063860743898283
79,normal_dep,100.0,10.0,4,0.30816591793664255,0.25572466971909935
80,normal_dep,500.0,1e-06,0,0.93541490283429,0.9352061435522704
81,normal_dep,500.0,1e-06,1,0.93541490283429,0.9364539502114604
82,normal_dep,500.0,1e-06,2,0.93541490283429,0.9352061435522704
83,normal_dep,500.0,1e-06,3,0.93541490283429,0.9352061435522704
84,normal_dep,500.0,1e-06,4,0.93541490283429,0.9350021333031773
85,normal_dep,500.0,1e-05,0,0.9352061435522703,0.9352061435522704
86,normal_dep,500.0,1e-05,1,0.9352061435522703,0.9352061435522704
87,normal_dep,500.0,1e-05,2,0.9352061435522703,0.9352061435522704
88,normal_dep,500.0,1e-05,3,0.9352061435522703,0.9352061435522704
89,normal_dep,500.0,1e-05,4,0.9352061435522703,0.9352061435522704
90,normal_dep,500.0,0.0001,0,0.9352061435522703,0.9352061435522704
91,normal_dep,500.0,0.0001,1,0.9352061435522703,0.9352061435522704
92,normal_dep,500.0,0.0001,2,0.9352061435522703,0.9352061435522704
93,normal_dep,500.0,0.0001,3,0.9352061435522703,0.9352061435522704
94,normal_dep,500.0,0.0001,4,0.9352061435522703,0.9352061435522704
95,normal_dep,500.0,0.001,0,0.9352061435522703,0.9352061435522704
96,normal_dep,500.0,0.001,1,0.9352061435522703,0.9352061435522704
97,normal_dep,500.0,0.001,2,0.9352061435522703,0.9352061435522704
98,normal_dep,500.0,0.001,3,0.9352061435522703,0.9352061435522704
99,normal_dep,500.0,0.001,4,0.9352061435522703,0.9352061435522704
100,normal_dep,500.0,0.01,0,0.1779286075821439,0.1850186717098593
101,normal_dep,500.0,0.01,1,0.1779286075821439,0.126827483698525
102,normal_dep,500.0,0.01,2,0.1779286075821439,0.18114463314473034
103,normal_dep,500.0,0.01,3,0.1779286075821439,0.1888541765919549
104,normal_dep,500.0,0.01,4,0.1779286075821439,0.20779807276565
105,normal_dep,500.0,0.1,0,0.1216892826937358,0.09469653111462968
106,normal_dep,500.0,0.1,1,0.1216892826937358,0.1454356193021957
107,normal_dep,500.0,0.1,2,0.1216892826937358,0.11218084487367475
108,normal_dep,500.0,0.1,3,0.1216892826937358,0.15969932545224605
109,normal_dep,500.0,0.1,4,0.1216892826937358,0.09643409272593288
110,normal_dep,500.0,1.0,0,0.11490393063482744,0.11944963703529227
111,normal_dep,500.0,1.0,1,0.11490393063482744,0.13544848359298023
112,normal_dep,500.0,1.0,2,0.11490393063482744,0.10728498425164405
113,normal_dep,500.0,1.0,3,0.11490393063482744,0.09977411732282798
114,normal_dep,500.0,1.0,4,0.11490393063482744,0.11256243097139272
115,normal_dep,500.0,10.0,0,0.11460098560110579,0.13052397670861715
116,normal_dep,500.0,10.0,1,0.11460098560110579,0.11082702842358504
117,normal_dep,500.0,10.0,2,0.11460098560110579,0.0980713008413286
118,normal_dep,500.0,10.0,3,0.11460098560110579,0.13145620025672966
119,normal_dep,500.0,10.0,4,0.11460098560110579,0.10212642177526847
120,normal_dep,1000.0,1e-06,0,0.9349870886282281,0.9352061435522704
121,normal_dep,1000.0,1e-06,1,0.9349870886282281,0.9364601959808516
122,normal_dep,1000.0,1e-06,2,0.9349870886282281,0.9337340442795871
123,normal_dep,1000.0,1e-06,3,0.9349870886282281,0.9320124619975505
124,normal_dep,1000.0,1e-06,4,0.9349870886282281,0.9375225973308812
125,normal_dep,1000.0,1e-05,0,0.9352061435522703,0.9352061435522704
126,normal_dep,1000.0,1e-05,1,0.9352061435522703,0.9352061435522704
127,normal_dep,1000.0,1e-05,2,0.9352061435522703,0.9352061435522704
128,normal_dep,1000.0,1e-05,3,0.9352061435522703,0.9352061435522704
129,normal_dep,1000.0,1e-05,4,0.9352061435522703,0.9352061435522704
130,normal_dep,1000.0,0.0001,0,0.9352061435522703,0.9352061435522704
131,normal_dep,1000.0,0.0001,1,0.9352061435522703,0.9352061435522704
132,normal_dep,1000.0,0.0001,2,0.9352061435522703,0.9352061435522704
133,normal_dep,1000.0,0.0001,3,0.9352061435522703,0.9352061435522704
134,normal_dep,1000.0,0.0001,4,0.9352061435522703,0.9352061435522704
135,normal_dep,1000.0,0.001,0,0.9352061435522703,0.9352061435522704
136,normal_dep,1000.0,0.001,1,0.9352061435522703,0.9352061435522704
137,normal_dep,1000.0,0.001,2,0.9352061435522703,0.9352061435522704
138,normal_dep,1000.0,0.001,3,0.9352061435522703,0.9352061435522704
139,normal_dep,1000.0,0.001,4,0.9352061435522703,0.9352061435522704
140,normal_dep,1000.0,0.01,0,0.10313687559294113,0.07731998901650142
141,normal_dep,1000.0,0.01,1,0.10313687559294113,0.13220423274728826
142,normal_dep,1000.0,0.01,2,0.10313687559294113,0.13017472424914042
143,normal_dep,1000.0,0.01,3,0.10313687559294113,0.0730038305369097
144,normal_dep,1000.0,0.01,4,0.10313687559294113,0.10298160141486591
145,normal_dep,1000.0,0.1,0,0.08572097409764613,0.07629623814723567
146,normal_dep,1000.0,0.1,1,0.08572097409764613,0.10580410700574067
147,normal_dep,1000.0,0.1,2,0.08572097409764613,0.0879142554765431
148,normal_dep,1000.0,0.1,3,0.08572097409764613,0.09373047367753959
149,normal_dep,1000.0,0.1,4,0.08572097409764613,0.06485979618117162
150,normal_dep,1000.0,1.0,0,0.09253480230235266,0.10419960212010031
151,normal_dep,1000.0,1.0,1,0.09253480230235266,0.07012458609646674
152,normal_dep,1000.0,1.0,2,0.09253480230235266,0.10313745773190003
153,normal_dep,1000.0,1.0,3,0.09253480230235266,0.08452507704405536
154,normal_dep,1000.0,1.0,4,0.09253480230235266,0.10068728851924084
155,normal_dep,1000.0,10.0,0,0.08828475617101667,0.05120861824490225
156,normal_dep,1000.0,10.0,1,0.08828475617101667,0.06537819287239906
157,normal_dep,1000.0,10.0,2,0.08828475617101667,0.08798259930248821
158,normal_dep,1000.0,10.0,3,0.08828475617101667,0.07751693478766654
159,normal_dep,1000.0,10.0,4,0.08828475617101667,0.15933743564762726
160,normal_dep,2000.0,1e-06,0,0.8905315026786687,0.8302187390599964
161,normal_dep,2000.0,1e-06,1,0.8905315026786687,0.9309275581687342
162,normal_dep,2000.0,1e-06,2,0.8905315026786687,0.9330159989404547
163,normal_dep,2000.0,1e-06,3,0.8905315026786687,0.9351245540877342
164,normal_dep,2000.0,1e-06,4,0.8905315026786687,0.8233706631364235
165,normal_dep,2000.0,1e-05,0,0.9342495397917412,0.9352061435522704
166,normal_dep,2000.0,1e-05,1,0.9342495397917412,0.9338383377301663
167,normal_dep,2000.0,1e-05,2,0.9342495397917412,0.9352061435522704
168,normal_dep,2000.0,1e-05,3,0.9342495397917412,0.9328174763307697
169,normal_dep,2000.0,1e-05,4,0.9342495397917412,0.9341795977932291
170,normal_dep,2000.0,0.0001,0,0.9351663329979232,0.9352061435522704
171,normal_dep,2000.0,0.0001,1,0.9351663329979232,0.9352061435522704
172,normal_dep,2000.0,0.0001,2,0.9351663329979232,0.9350070907805343
173,normal_dep,2000.0,0.0001,3,0.9351663329979232,0.9352061435522704
174,normal_dep,2000.0,0.0001,4,0.9351663329979232,0.9352061435522704
175,normal_dep,2000.0,0.001,0,0.186629153635186,0.15168767910465109
176,normal_dep,2000.0,0.001,1,0.186629153635186,0.1403015481831765
177,normal_dep,2000.0,0.001,2,0.186629153635186,0.21577458418101816
178,normal_dep,2000.0,0.001,3,0.186629153635186,0.15750483079600974
179,normal_dep,2000.0,0.001,4,0.186629153635186,0.2678771259110745
180,normal_dep,2000.0,0.01,0,0.10254966764152469,0.1524267781824006
181,normal_dep,2000.0,0.01,1,0.10254966764152469,0.07405028365847909
182,normal_dep,2000.0,0.01,2,0.10254966764152469,0.08988903567892004
183,normal_dep,2000.0,0.01,3,0.10254966764152469,0.1266804498310714
184,normal_dep,2000.0,0.01,4,0.10254966764152469,0.0697017908567523
185,normal_dep,2000.0,0.1,0,0.07041433469938736,0.08610489643168272
186,normal_dep,2000.0,0.1,1,0.07041433469938736,0.09354262057520465
187,normal_dep,2000.0,0.1,2,0.07041433469938736,0.06943845255093865
188,normal_dep,2000.0,0.1,3,0.07041433469938736,0.05376067022273825
189,normal_dep,2000.0,0.1,4,0.07041433469938736,0.04922503371637252
190,normal_dep,2000.0,1.0,0,0.08888753081431994,0.13282715314456717
191,normal_dep,2000.0,1.0,1,0.08888753081431994,0.12266516141941909
192,normal_dep,2000.0,1.0,2,0.08888753081431994,0.06471420737371328
193,normal_dep,2000.0,1.0,3,0.08888753081431994,0.059887420268697686
194,normal_dep,2000.0,1.0,4,0.08888753081431994,0.06434371186520248
195,normal_dep,2000.0,10.0,0,0.09023633270460953,0.14646169167160467
196,normal_dep,2000.0,10.0,1,0.09023633270460953,0.05176072007334256
197,normal_dep,2000.0,10.0,2,0.09023633270460953,0.056704620460378455
198,normal_dep,2000.0,10.0,3,0.09023633270460953,0.07650304283221654
199,normal_dep,2000.0,10.0,4,0.09023633270460953,0.11975158848550538
200,normal_dep,3000.0,1e-06,0,0.7428353813565678,0.7249898163003982
201,normal_dep,3000.0,1e-06,1,0.7428353813565678,0.69678426129052
202,normal_dep,3000.0,1e-06,2,0.7428353813565678,0.7631217293347115
203,normal_dep,3000.0,1e-06,3,0.7428353813565678,0.7836884822131058
204,normal_dep,3000.0,1e-06,4,0.7428353813565678,0.7455926176441036
205,normal_dep,3000.0,1e-05,0,0.5715635837643455,0.6093691717577692
206,normal_dep,3000.0,1e-05,1,0.5715635837643455,0.5239078576615176
207,normal_dep,3000.0,1e-05,2,0.5715635837643455,0.6081343514631166
208,normal_dep,3000.0,1e-05,3,0.5715635837643455,0.48557470412878406
209,normal_dep,3000.0,1e-05,4,0.5715635837643455,0.6308318338105403
210,normal_dep,3000.0,0.0001,0,0.36208957251387613,0.42608147216516323
211,normal_dep,3000.0,0.0001,1,0.36208957251387613,0.3627990856746497
212,normal_dep,3000.0,0.0001,2,0.36208957251387613,0.30859011065361946
213,normal_dep,3000.0,0.0001,3,0.36208957251387613,0.3282023515510062
214,normal_dep,3000.0,0.0001,4,0.36208957251387613,0.3847748425249422
215,normal_dep,3000.0,0.001,0,0.13315541870604722,0.19038063137702674
216,normal_dep,3000.0,0.001,1,0.13315541870604722,0.1007149728567108
217,normal_dep,3000.0,0.001,2,0.13315541870604722,0.09247654763740222
218,normal_dep,3000.0,0.001,3,0.13315541870604722,0.12380799571491488
219,normal_dep,3000.0,0.001,4,0.13315541870604722,0.15839694594418136
220,normal_dep,3000.0,0.01,0,0.07775564854669749,0.09013902949219647
221,normal_dep,3000.0,0.01,1,0.07775564854669749,0.048597599963899146
222,normal_dep,3000.0,0.01,2,0.07775564854669749,0.0863503024777235
223,normal_dep,3000.0,0.01,3,0.07775564854669749,0.06513293015709098
224,normal_dep,3000.0,0.01,4,0.07775564854669749,0.09855838064257731
225,normal_dep,3000.0,0.1,0,0.06951829938251455,0.04921052799499185
226,normal_dep,3000.0,0.1,1,0.06951829938251455,0.08299633242368479
227,normal_dep,3000.0,0.1,2,0.06951829938251455,0.09397557188586797
228,normal_dep,3000.0,0.1,3,0.06951829938251455,0.050522234776702805
229,normal_dep,3000.0,0.1,4,0.06951829938251455,0.07088682983132537
230,normal_dep,3000.0,1.0,0,0.07387583324168129,0.04841414124995582
231,normal_dep,3000.0,1.0,1,0.07387583324168129,0.06293292518850623
232,normal_dep,3000.0,1.0,2,0.07387583324168129,0.09257164008560055
233,normal_dep,3000.0,1.0,3,0.07387583324168129,0.08872463345505867
234,normal_dep,3000.0,1.0,4,0.07387583324168129,0.07673582622928522
235,normal_dep,3000.0,10.0,0,0.09306645847524753,0.09358683168328141
236,normal_dep,3000.0,10.0,1,0.09306645847524753,0.07805681533494722
237,normal_dep,3000.0,10.0,2,0.09306645847524753,0.15448077281412625
238,normal_dep,3000.0,10.0,3,0.09306645847524753,0.06673824782132269
239,normal_dep,3000.0,10.0,4,0.09306645847524753,0.07246962472256005
240,normal_dep,4000.0,1e-06,0,0.4535687307019273,0.4048091342281999
241,normal_dep,4000.0,1e-06,1,0.4535687307019273,0.41728168926926584
242,normal_dep,4000.0,1e-06,2,0.4535687307019273,0.49308932248589904
243,normal_dep,4000.0,1e-06,3,0.4535687307019273,0.531796820183233
244,normal_dep,4000.0,1e-06,4,0.4535687307019273,0.42086668734303906
245,normal_dep,4000.0,1e-05,0,0.395029745844229,0.3716472725362697
246,normal_dep,4000.0,1e-05,1,0.395029745844229,0.27877800075874604
247,normal_dep,4000.0,1e-05,2,0.395029745844229,0.4340584394914741
248,normal_dep,4000.0,1e-05,3,0.395029745844229,0.3328180916691282
249,normal_dep,4000.0,1e-05,4,0.395029745844229,0.5578469247655271
250,normal_dep,4000.0,0.0001,0,0.22051430632629182,0.2164361233263434
251,normal_dep,4000.0,0.0001,1,0.22051430632629182,0.2271625597809964
252,normal_dep,4000.0,0.0001,2,0.22051430632629182,0.21192790370984982
253,normal_dep,4000.0,0.0001,3,0.22051430632629182,0.21163390147945396
254,normal_dep,4000.0,0.0001,4,0.22051430632629182,0.23541104333481547
255,normal_dep,4000.0,0.001,0,0.11470604960080064,0.1146391569986812
256,normal_dep,4000.0,0.001,1,0.11470604960080064,0.10650092693177911
257,normal_dep,4000.0,0.001,2,0.11470604960080064,0.07970227647075999
258,normal_dep,4000.0,0.001,3,0.11470604960080064,0.146507462159125
259,normal_dep,4000.0,0.001,4,0.11470604960080064,0.1261804254436579
260,normal_dep,4000.0,0.01,0,0.08309326134959504,0.10502537779805626
261,normal_dep,4000.0,0.01,1,0.08309326134959504,0.05117367278886833
262,normal_dep,4000.0,0.01,2,0.08309326134959504,0.10036272116850027
263,normal_dep,4000.0,0.01,3,0.08309326134959504,0.09671394857041452
264,normal_dep,4000.0,0.01,4,0.08309326134959504,0.06219058642213575
265,normal_dep,4000.0,0.1,0,0.06126676913175451,0.026421597644496617
266,normal_dep,4000.0,0.1,1,0.06126676913175451,0.061950091287620926
267,normal_dep,4000.0,0.1,2,0.06126676913175451,0.05906859886835846
268,normal_dep,4000.0,0.1,3,0.06126676913175451,0.09949519628577193
269,normal_dep,4000.0,0.1,4,0.06126676913175451,0.05939836157252462
270,normal_dep,4000.0,1.0,0,0.07658434411805712,0.08555778775891719
271,normal_dep,4000.0,1.0,1,0.07658434411805712,0.07851110171195769
272,normal_dep,4000.0,1.0,2,0.07658434411805712,0.08832417998659596
273,normal_dep,4000.0,1.0,3,0.07658434411805712,0.06386375752102955
274,normal_dep,4000.0,1.0,4,0.07658434411805712,0.06666489361178518
275,normal_dep,4000.0,10.0,0,0.07181962452899797,0.04660959947880176
276,normal_dep,4000.0,10.0,1,0.07181962452899797,0.08460450139099795
277,normal_dep,4000.0,10.0,2,0.07181962452899797,0.0721474243147543
278,normal_dep,4000.0,10.0,3,0.07181962452899797,0.037157210710988375
279,normal_dep,4000.0,10.0,4,0.07181962452899797,0.11857938674944751
280,normal_dep,5000.0,1e-06,0,0.3386971017277823,0.3449423233085668
281,normal_dep,5000.0,1e-06,1,0.3386971017277823,0.29555345690863644
282,normal_dep,5000.0,1e-06,2,0.3386971017277823,0.3853179533514246
283,normal_dep,5000.0,1e-06,3,0.3386971017277823,0.3722945064985616
284,normal_dep,5000.0,1e-06,4,0.3386971017277823,0.2953772685717217
285,normal_dep,5000.0,1e-05,0,0.2578149221800256,0.30881212231567795
286,normal_dep,5000.0,1e-05,1,0.2578149221800256,0.21853718090368973
287,normal_dep,5000.0,1e-05,2,0.2578149221800256,0.26585093270311094
288,normal_dep,5000.0,1e-05,3,0.2578149221800256,0.2547092003328965
289,normal_dep,5000.0,1e-05,4,0.2578149221800256,0.24116517464475307
290,normal_dep,5000.0,0.0001,0,0.1790414122427998,0.13539574510607047
291,normal_dep,5000.0,0.0001,1,0.1790414122427998,0.21054192440746863
292,normal_dep,5000.0,0.0001,2,0.1790414122427998,0.19759645979139012
293,normal_dep,5000.0,0.0001,3,0.1790414122427998,0.1681506363346402
294,normal_dep,5000.0,0.0001,4,0.1790414122427998,0.18352229557442953
295,normal_dep,5000.0,0.001,0,0.11005423634673803,0.09472806168688996
296,normal_dep,5000.0,0.001,1,0.11005423634673803,0.11465061720637115
297,normal_dep,5000.0,0.001,2,0.11005423634673803,0.07265328269371049
298,normal_dep,5000.0,0.001,3,0.11005423634673803,0.14244756705887984
299,normal_dep,5000.0,0.001,4,0.11005423634673803,0.12579165308783866
300,normal_dep,5000.0,0.01,0,0.07793161087530283,0.04966987763816476
301,normal_dep,5000.0,0.01,1,0.07793161087530283,0.07926873531080543
302,normal_dep,5000.0,0.01,2,0.07793161087530283,0.08060867753784598
303,normal_dep,5000.0,0.01,3,0.07793161087530283,0.0794728065892547
304,normal_dep,5000.0,0.01,4,0.07793161087530283,0.10063795730044331
305,normal_dep,5000.0,0.1,0,0.10355928618245387,0.14808000379134045
306,normal_dep,5000.0,0.1,1,0.10355928618245387,0.07611102698946448
307,normal_dep,5000.0,0.1,2,0.10355928618245387,0.09899910846681435
308,normal_dep,5000.0,0.1,3,0.10355928618245387,0.10110614449994897
309,normal_dep,5000.0,0.1,4,0.10355928618245387,0.09350014716470105
310,normal_dep,5000.0,1.0,0,0.09116755571674659,0.13347126938777956
311,normal_dep,5000.0,1.0,1,0.09116755571674659,0.052614321029332944
312,normal_dep,5000.0,1.0,2,0.09116755571674659,0.047192067033271785
313,normal_dep,5000.0,1.0,3,0.09116755571674659,0.1559372877985435
314,normal_dep,5000.0,1.0,4,0.09116755571674659,0.06662283333480526
315,normal_dep,5000.0,10.0,0,0.07333037945137524,0.11550759864685937
316,normal_dep,5000.0,10.0,1,0.07333037945137524,0.04273956517288721
317,normal_dep,5000.0,10.0,2,0.07333037945137524,0.06715776837030436
318,normal_dep,5000.0,10.0,3,0.07333037945137524,0.08271904237169518
319,normal_dep,5000.0,10.0,4,0.07333037945137524,0.05852792269513015
320,normal_dep,6000.0,1e-06,0,0.2570605852615862,0.27558818894554993
321,normal_dep,6000.0,1e-06,1,0.2570605852615862,0.20556923562420598
322,normal_dep,6000.0,1e-06,2,0.2570605852615862,0.3125088927487002
323,normal_dep,6000.0,1e-06,3,0.2570605852615862,0.2178198698900227
324,normal_dep,6000.0,1e-06,4,0.2570605852615862,0.27381673909945226
325,normal_dep,6000.0,1e-05,0,0.19913819589500165,0.19749994128684034
326,normal_dep,6000.0,1e-05,1,0.19913819589500165,0.16632289213438606
327,normal_dep,6000.0,1e-05,2,0.19913819589500165,0.2307880999695253
328,normal_dep,6000.0,1e-05,3,0.19913819589500165,0.18169582142954951
329,normal_dep,6000.0,1e-05,4,0.19913819589500165,0.21938422465470708
330,normal_dep,6000.0,0.0001,0,0.15305200769335908,0.16865586952674924
331,normal_dep,6000.0,0.0001,1,0.15305200769335908,0.17840516213302138
332,normal_dep,6000.0,0.0001,2,0.15305200769335908,0.0739889791520793
333,normal_dep,6000.0,0.0001,3,0.15305200769335908,0.1224482399183463
334,normal_dep,6000.0,0.0001,4,0.15305200769335908,0.22176178773659924
335,normal_dep,6000.0,0.001,0,0.1181391400746687,0.1160521783522697
336,normal_dep,6000.0,0.001,1,0.1181391400746687,0.07861106132068167
337,normal_dep,6000.0,0.001,2,0.1181391400746687,0.09516146451139491
338,normal_dep,6000.0,0.001,3,0.1181391400746687,0.16554662550078314
339,normal_dep,6000.0,0.001,4,0.1181391400746687,0.1353243706882141
340,normal_dep,6000.0,0.01,0,0.0919176537014008,0.06673535357697785
341,normal_dep,6000.0,0.01,1,0.0919176537014008,0.05423551588144037
342,normal_dep,6000.0,0.01,2,0.0919176537014008,0.094362686158484
343,normal_dep,6000.0,0.01,3,0.0919176537014008,0.07886840266903193
344,normal_dep,6000.0,0.01,4,0.0919176537014008,0.16538631022106987
345,normal_dep,6000.0,0.1,0,0.07830511140521126,0.07316651625166078
346,normal_dep,6000.0,0.1,1,0.07830511140521126,0.1066390556077706
347,normal_dep,6000.0,0.1,2,0.07830511140521126,0.09634364845930829
348,normal_dep,6000.0,0.1,3,0.07830511140521126,0.06544315593630812
349,normal_dep,6000.0,0.1,4,0.07830511140521126,0.049933180771008515
350,normal_dep,6000.0,1.0,0,0.08311343397342805,0.08301677060246979
351,normal_dep,6000.0,1.0,1,0.08311343397342805,0.12415427997284711
352,normal_dep,6000.0,1.0,2,0.08311343397342805,0.07079954892487227
353,normal_dep,6000.0,1.0,3,0.08311343397342805,0.05157448399735634
354,normal_dep,6000.0,1.0,4,0.08311343397342805,0.08602208636959467
355,normal_dep,6000.0,10.0,0,0.05946424493369806,0.08392369487695554
356,normal_dep,6000.0,10.0,1,0.05946424493369806,0.05713533548420114
357,normal_dep,6000.0,10.0,2,0.05946424493369806,0.055089718579127034
358,normal_dep,6000.0,10.0,3,0.05946424493369806,0.0528217941382905
359,normal_dep,6000.0,10.0,4,0.05946424493369806,0.048350681589916115
360,normal_dep,7000.0,1e-06,0,0.22069433656391615,0.19394847010417302
361,normal_dep,7000.0,1e-06,1,0.22069433656391615,0.2779997482798355
362,normal_dep,7000.0,1e-06,2,0.22069433656391615,0.2331346423678059
363,normal_dep,7000.0,1e-06,3,0.22069433656391615,0.20957832508871113
364,normal_dep,7000.0,1e-06,4,0.22069433656391615,0.1888104969790554
365,normal_dep,7000.0,1e-05,0,0.166694824210804,0.12298515646101295
366,normal_dep,7000.0,1e-05,1,0.166694824210804,0.1630846839788563
367,normal_dep,7000.0,1e-05,2,0.166694824210804,0.1974272026339364
368,normal_dep,7000.0,1e-05,3,0.166694824210804,0.18210478297397506
369,normal_dep,7000.0,1e-05,4,0.166694824210804,0.1678722950062392
370,normal_dep,7000.0,0.0001,0,0.15087463179186156,0.12354927169189522
371,normal_dep,7000.0,0.0001,1,0.15087463179186156,0.16194004113559357
372,normal_dep,7000.0,0.0001,2,0.15087463179186156,0.12848889512473494
373,normal_dep,7000.0,0.0001,3,0.15087463179186156,0.13458871901066158
374,normal_dep,7000.0,0.0001,4,0.15087463179186156,0.20580623199642245
375,normal_dep,7000.0,0.001,0,0.09184424985100856,0.09514460860107274
376,normal_dep,7000.0,0.001,1,0.09184424985100856,0.08266813910842018
377,normal_dep,7000.0,0.001,2,0.09184424985100856,0.11448095521100428
378,normal_dep,7000.0,0.001,3,0.09184424985100856,0.11543613082599424
379,normal_dep,7000.0,0.001,4,0.09184424985100856,0.05149141550855138
380,normal_dep,7000.0,0.01,0,0.06388319513501194,0.05856206315248553
381,normal_dep,7000.0,0.01,1,0.06388319513501194,0.04661644595278675
382,normal_dep,7000.0,0.01,2,0.06388319513501194,0.08642937992003945
383,normal_dep,7000.0,0.01,3,0.06388319513501194,0.07536808863888475
384,normal_dep,7000.0,0.01,4,0.06388319513501194,0.052439998010863256
385,normal_dep,7000.0,0.1,0,0.07626523348186909,0.04590316126532283
386,normal_dep,7000.0,0.1,1,0.07626523348186909,0.08702407335981445
387,normal_dep,7000.0,0.1,2,0.07626523348186909,0.10591772088168275
388,normal_dep,7000.0,0.1,3,0.07626523348186909,0.062439692637605806
389,normal_dep,7000.0,0.1,4,0.07626523348186909,0.08004151926491956
390,normal_dep,7000.0,1.0,0,0.0716685335285148,0.03683955337642355
391,normal_dep,7000.0,1.0,1,0.0716685335285148,0.1253467071697939
392,normal_dep,7000.0,1.0,2,0.0716685335285148,0.10664385566625913
393,normal_dep,7000.0,1.0,3,0.0716685335285148,0.03905793336902996
394,normal_dep,7000.0,1.0,4,0.0716685335285148,0.05045461806106745
395,normal_dep,7000.0,10.0,0,0.06153591018654279,0.05928737235558369
396,normal_dep,7000.0,10.0,1,0.06153591018654279,0.0678804644415651
397,normal_dep,7000.0,10.0,2,0.06153591018654279,0.056438375320579146
398,normal_dep,7000.0,10.0,3,0.06153591018654279,0.07324375747611431
399,normal_dep,7000.0,10.0,4,0.06153591018654279,0.050829581338871735
400,normal_dep,8000.0,1e-06,0,0.1618329823569223,0.13919700590271827
401,normal_dep,8000.0,1e-06,1,0.1618329823569223,0.18461784975576725
402,normal_dep,8000.0,1e-06,2,0.1618329823569223,0.1677727308430112
403,normal_dep,8000.0,1e-06,3,0.1618329823569223,0.1710700440754754
404,normal_dep,8000.0,1e-06,4,0.1618329823569223,0.1465072812076394
405,normal_dep,8000.0,1e-05,0,0.1471115955054704,0.11410509947055206
406,normal_dep,8000.0,1e-05,1,0.1471115955054704,0.14492967889112293
407,normal_dep,8000.0,1e-05,2,0.1471115955054704,0.1803093852291518
408,normal_dep,8000.0,1e-05,3,0.1471115955054704,0.15574492240603174
409,normal_dep,8000.0,1e-05,4,0.1471115955054704,0.14046889153049344
410,normal_dep,8000.0,0.0001,0,0.1376227428477772,0.14980907991071107
411,normal_dep,8000.0,0.0001,1,0.1376227428477772,0.1861277059468865
412,normal_dep,8000.0,0.0001,2,0.1376227428477772,0.10197460731840581
413,normal_dep,8000.0,0.0001,3,0.1376227428477772,0.12802938041425194
414,normal_dep,8000.0,0.0001,4,0.1376227428477772,0.1221729406486307
415,normal_dep,8000.0,0.001,0,0.09450905159480723,0.0643931410061089
416,normal_dep,8000.0,0.001,1,0.09450905159480723,0.11577597315383799
417,normal_dep,8000.0,0.001,2,0.09450905159480723,0.1024859308148252
418,normal_dep,8000.0,0.001,3,0.09450905159480723,0.09909871627561846
419,normal_dep,8000.0,0.001,4,0.09450905159480723,0.09079149672364553
420,normal_dep,8000.0,0.01,0,0.05619060467575025,0.041364131287411725
421,normal_dep,8000.0,0.01,1,0.05619060467575025,0.034067141769782955
422,normal_dep,8000.0,0.01,2,0.05619060467575025,0.0805024242259977
423,normal_dep,8000.0,0.01,3,0.05619060467575025,0.05706507375044925
424,normal_dep,8000.0,0.01,4,0.05619060467575025,0.06795425234510964
425,normal_dep,8000.0,0.1,0,0.05951068222535805,0.08998078903137699
426,normal_dep,8000.0,0.1,1,0.05951068222535805,0.04244890961405814
427,normal_dep,8000.0,0.1,2,0.05951068222535805,0.05565158971196923
428,normal_dep,8000.0,0.1,3,0.05951068222535805,0.05103737170038023
429,normal_dep,8000.0,0.1,4,0.05951068222535805,0.05843475106900563
430,normal_dep,8000.0,1.0,0,0.09970538935664337,0.11579138782861194
431,normal_dep,8000.0,1.0,1,0.09970538935664337,0.1280077019386835
432,normal_dep,8000.0,1.0,2,0.09970538935664337,0.15435988737778034
433,normal_dep,8000.0,1.0,3,0.09970538935664337,0.06355971608593433
434,normal_dep,8000.0,1.0,4,0.09970538935664337,0.036808253552206766
435,normal_dep,8000.0,10.0,0,0.07419708099352404,0.059072924637817686
436,normal_dep,8000.0,10.0,1,0.07419708099352404,0.07127804488498464
437,normal_dep,8000.0,10.0,2,0.07419708099352404,0.09220576435996655
438,normal_dep,8000.0,10.0,3,0.07419708099352404,0.08989122127040472
439,normal_dep,8000.0,10.0,4,0.07419708099352404,0.05853744981444667
440,normal_dep,9000.0,1e-06,0,0.17273267741597134,0.257769936714441
441,normal_dep,9000.0,1e-06,1,0.17273267741597134,0.1394511072553387
442,normal_dep,9000.0,1e-06,2,0.17273267741597134,0.13374012497977447
443,normal_dep,9000.0,1e-06,3,0.17273267741597134,0.1688653732107852
444,normal_dep,9000.0,1e-06,4,0.17273267741597134,0.16383684491951736
445,normal_dep,9000.0,1e-05,0,0.12401070666948899,0.1533435640693489
446,normal_dep,9000.0,1e-05,1,0.12401070666948899,0.1274985451899549
447,normal_dep,9000.0,1e-05,2,0.12401070666948899,0.1140697782994776
448,normal_dep,9000.0,1e-05,3,0.12401070666948899,0.10502533718135001
449,normal_dep,9000.0,1e-05,4,0.12401070666948899,0.12011630860731345
450,normal_dep,9000.0,0.0001,0,0.12019222659699211,0.09114873506018979
451,normal_dep,9000.0,0.0001,1,0.12019222659699211,0.14449660839860912
452,normal_dep,9000.0,0.0001,2,0.12019222659699211,0.0788684122597029
453,normal_dep,9000.0,0.0001,3,0.12019222659699211,0.168456957821788
454,normal_dep,9000.0,0.0001,4,0.12019222659699211,0.11799041944467079
455,normal_dep,9000.0,0.001,0,0.09198927599869798,0.12659023661289193
456,normal_dep,9000.0,0.001,1,0.09198927599869798,0.06923351774551165
457,normal_dep,9000.0,0.001,2,0.09198927599869798,0.047028019769620906
458,normal_dep,9000.0,0.001,3,0.09198927599869798,0.11032069637324729
459,normal_dep,9000.0,0.001,4,0.09198927599869798,0.10677390949221817
460,normal_dep,9000.0,0.01,0,0.08683433628688086,0.08148292411921987
461,normal_dep,9000.0,0.01,1,0.08683433628688086,0.12291629033257238
462,normal_dep,9000.0,0.01,2,0.08683433628688086,0.06504588610949989
463,normal_dep,9000.0,0.01,3,0.08683433628688086,0.054851731392411805
464,normal_dep,9000.0,0.01,4,0.08683433628688086,0.10987484948070035
465,normal_dep,9000.0,0.1,0,0.06006537066336143,0.08116609504977285
466,normal_dep,9000.0,0.1,1,0.06006537066336143,0.049525837109385705
467,normal_dep,9000.0,0.1,2,0.06006537066336143,0.06985806234294395
468,normal_dep,9000.0,0.1,3,0.06006537066336143,0.051499479094831005
469,normal_dep,9000.0,0.1,4,0.06006537066336143,0.0482773797198736
470,normal_dep,9000.0,1.0,0,0.08757630903648242,0.1005629226645923
471,normal_dep,9000.0,1.0,1,0.08757630903648242,0.055517704951315576
472,normal_dep,9000.0,1.0,2,0.08757630903648242,0.10119317148566119
473,normal_dep,9000.0,1.0,3,0.08757630903648242,0.07664120135770534
474,normal_dep,9000.0,1.0,4,0.08757630903648242,0.10396654472313771
475,normal_dep,9000.0,10.0,0,0.0673913296437871,0.058239845231306174
476,normal_dep,9000.0,10.0,1,0.0673913296437871,0.055858241316660236
477,normal_dep,9000.0,10.0,2,0.0673913296437871,0.055953707900931814
478,normal_dep,9000.0,10.0,3,0.0673913296437871,0.08192725981135174
479,normal_dep,9000.0,10.0,4,0.0673913296437871,0.08497759395868558
480,normal_dep,10000.0,1e-06,0,0.1363451113858609,0.20215488063463094
481,normal_dep,10000.0,1e-06,1,0.1363451113858609,0.15337774875916427
482,normal_dep,10000.0,1e-06,2,0.1363451113858609,0.08537188288678495
483,normal_dep,10000.0,1e-06,3,0.1363451113858609,0.10715112019318399
484,normal_dep,10000.0,1e-06,4,0.1363451113858609,0.13366992445554038
485,normal_dep,10000.0,1e-05,0,0.1625306731100849,0.15271574993751388
486,normal_dep,10000.0,1e-05,1,0.1625306731100849,0.18184582852125555
487,normal_dep,10000.0,1e-05,2,0.1625306731100849,0.13069096533993826
488,normal_dep,10000.0,1e-05,3,0.1625306731100849,0.17734020856616894
489,normal_dep,10000.0,1e-05,4,0.1625306731100849,0.17006061318554785
490,normal_dep,10000.0,0.0001,0,0.11869019098522877,0.10726324424522508
491,normal_dep,10000.0,0.0001,1,0.11869019098522877,0.12730866599509266
492,normal_dep,10000.0,0.0001,2,0.11869019098522877,0.13795034860481734
493,normal_dep,10000.0,0.0001,3,0.11869019098522877,0.07677287262394429
494,normal_dep,10000.0,0.0001,4,0.11869019098522877,0.14415582345706446
495,normal_dep,10000.0,0.001,0,0.0863626646651903,0.06302715448414775
496,normal_dep,10000.0,0.001,1,0.0863626646651903,0.06935037254514988
497,normal_dep,10000.0,0.001,2,0.0863626646651903,0.07540932679413845
498,normal_dep,10000.0,0.001,3,0.0863626646651903,0.1429246762604227
499,normal_dep,10000.0,0.001,4,0.0863626646651903,0.08110179324209273
500,normal_dep,10000.0,0.01,0,0.06602802502855536,0.061081215404774444
501,normal_dep,10000.0,0.01,1,0.06602802502855536,0.03561259279882763
502,normal_dep,10000.0,0.01,2,0.06602802502855536,0.05794254158939204
503,normal_dep,10000.0,0.01,3,0.06602802502855536,0.06730247386635248
504,normal_dep,10000.0,0.01,4,0.06602802502855536,0.10820130148343018
505,normal_dep,10000.0,0.1,0,0.07271813192777121,0.05886084903154382
506,normal_dep,10000.0,0.1,1,0.07271813192777121,0.04541382224993274
507,normal_dep,10000.0,0.1,2,0.07271813192777121,0.09688461263400487
508,normal_dep,10000.0,0.1,3,0.07271813192777121,0.08070573329631534
509,normal_dep,10000.0,0.1,4,0.07271813192777121,0.08172564242705926
510,normal_dep,10000.0,1.0,0,0.08943852817045207,0.04213662520533705
511,normal_dep,10000.0,1.0,1,0.08943852817045207,0.06402490162456755
512,normal_dep,10000.0,1.0,2,0.08943852817045207,0.06621686443990547
513,normal_dep,10000.0,1.0,3,0.08943852817045207,0.16677611662016298
514,normal_dep,10000.0,1.0,4,0.08943852817045207,0.10803813296228731
515,normal_dep,10000.0,10.0,0,0.07565883473607153,0.08715488483772292
516,normal_dep,10000.0,10.0,1,0.07565883473607153,0.04364853469039307
517,normal_dep,10000.0,10.0,2,0.07565883473607153,0.06889618737376725
518,normal_dep,10000.0,10.0,3,0.07565883473607153,0.04224676316761541
519,normal_dep,10000.0,10.0,4,0.07565883473607153,0.13634780361085896
520,normal_dep,20000.0,1e-06,0,0.09011358429847585,0.12926080561897166
521,normal_dep,20000.0,1e-06,1,0.09011358429847585,0.06594473911696246
522,normal_dep,20000.0,1e-06,2,0.09011358429847585,0.1019056773345492
523,normal_dep,20000.0,1e-06,3,0.09011358429847585,0.06792274510146336
524,normal_dep,20000.0,1e-06,4,0.09011358429847585,0.08553395432043259
525,normal_dep,20000.0,1e-05,0,0.10120194272441752,0.11084739453966852
526,normal_dep,20000.0,1e-05,1,0.10120194272441752,0.08633171837622675
527,normal_dep,20000.0,1e-05,2,0.10120194272441752,0.07538412225575268
528,normal_dep,20000.0,1e-05,3,0.10120194272441752,0.15494903096702012
529,normal_dep,20000.0,1e-05,4,0.10120194272441752,0.07849744748341952
530,normal_dep,20000.0,0.0001,0,0.10009863261835608,0.06678136338477897
531,normal_dep,20000.0,0.0001,1,0.10009863261835608,0.09703415632490274
532,normal_dep,20000.0,0.0001,2,0.10009863261835608,0.14076588336865498
533,normal_dep,20000.0,0.0001,3,0.10009863261835608,0.09043907876972446
534,normal_dep,20000.0,0.0001,4,0.10009863261835608,0.1054726812437192
535,normal_dep,20000.0,0.001,0,0.07693067831421962,0.07558599916681341
536,normal_dep,20000.0,0.001,1,0.07693067831421962,0.09681023578708094
537,normal_dep,20000.0,0.001,2,0.07693067831421962,0.08617394780932151
538,normal_dep,20000.0,0.001,3,0.07693067831421962,0.07581116886704888
539,normal_dep,20000.0,0.001,4,0.07693067831421962,0.05027203994083341
540,normal_dep,20000.0,0.01,0,0.06490815876524605,0.08383600280167848
541,normal_dep,20000.0,0.01,1,0.06490815876524605,0.07390200039956812
542,normal_dep,20000.0,0.01,2,0.06490815876524605,0.04317511534439873
543,normal_dep,20000.0,0.01,3,0.06490815876524605,0.0832276177786416
544,normal_dep,20000.0,0.01,4,0.06490815876524605,0.04040005750194332
545,normal_dep,20000.0,0.1,0,0.06912871345610669,0.10312547105787857
546,normal_dep,20000.0,0.1,1,0.06912871345610669,0.07782977726323288
547,normal_dep,20000.0,0.1,2,0.06912871345610669,0.043950769215081203
548,normal_dep,20000.0,0.1,3,0.06912871345610669,0.05212617428050416
549,normal_dep,20000.0,0.1,4,0.06912871345610669,0.06861137546383668
550,normal_dep,20000.0,1.0,0,0.06076926842924722,0.0635556506408265
551,normal_dep,20000.0,1.0,1,0.06076926842924722,0.058200255576096926
552,normal_dep,20000.0,1.0,2,0.06076926842924722,0.057839714870384196
553,normal_dep,20000.0,1.0,3,0.06076926842924722,0.0750666670302099
554,normal_dep,20000.0,1.0,4,0.06076926842924722,0.0491840540287186
555,normal_dep,20000.0,10.0,0,0.07228341525387995,0.04580265695285621
556,normal_dep,20000.0,10.0,1,0.07228341525387995,0.04909226642375557
557,normal_dep,20000.0,10.0,2,0.07228341525387995,0.06394630749253538
558,normal_dep,20000.0,10.0,3,0.07228341525387995,0.09104784870759934
559,normal_dep,20000.0,10.0,4,0.07228341525387995,0.11152799669265324
560,normal_dep,100000.0,1e-06,0,0.06077629780486006,0.106889243068442
561,normal_dep,100000.0,1e-06,1,0.06077629780486006,0.04421825891385668
562,normal_dep,100000.0,1e-06,2,0.06077629780486006,0.044548770817179055
563,normal_dep,100000.0,1e-06,3,0.06077629780486006,0.05445735472773641
564,normal_dep,100000.0,1e-06,4,0.06077629780486006,0.05376786149708618
565,normal_dep,100000.0,1e-05,0,0.08720413031911947,0.12055918721011841
566,normal_dep,100000.0,1e-05,1,0.08720413031911947,0.10654624801963605
567,normal_dep,100000.0,1e-05,2,0.08720413031911947,0.1056573149958315
568,normal_dep,100000.0,1e-05,3,0.08720413031911947,0.05603669910504624
569,normal_dep,100000.0,1e-05,4,0.08720413031911947,0.047221202264965186
570,normal_dep,100000.0,0.0001,0,0.09341868453661155,0.18232650612058884
571,normal_dep,100000.0,0.0001,1,0.09341868453661155,0.08970864559034153
572,normal_dep,100000.0,0.0001,2,0.09341868453661155,0.07306207168142825
573,normal_dep,100000.0,0.0001,3,0.09341868453661155,0.05244612602884119
574,normal_dep,100000.0,0.0001,4,0.09341868453661155,0.06955007326185789
575,normal_dep,100000.0,0.001,0,0.07984933830459665,0.06981217970696364
576,normal_dep,100000.0,0.001,1,0.07984933830459665,0.049130082697700125
577,normal_dep,100000.0,0.001,2,0.07984933830459665,0.08977448799233022
578,normal_dep,100000.0,0.001,3,0.07984933830459665,0.08956213354501634
579,normal_dep,100000.0,0.001,4,0.07984933830459665,0.1009678075809729
580,normal_dep,100000.0,0.01,0,0.08350822582390896,0.052841682108519084
581,normal_dep,100000.0,0.01,1,0.08350822582390896,0.12184588628160907
582,normal_dep,100000.0,0.01,2,0.08350822582390896,0.09384134711798035
583,normal_dep,100000.0,0.01,3,0.08350822582390896,0.07761807340886533
584,normal_dep,100000.0,0.01,4,0.08350822582390896,0.07139414020257091
585,normal_dep,100000.0,0.1,0,0.07153988334875139,0.1043546784671845
586,normal_dep,100000.0,0.1,1,0.07153988334875139,0.09427871466444578
587,normal_dep,100000.0,0.1,2,0.07153988334875139,0.048514864414651776
588,normal_dep,100000.0,0.1,3,0.07153988334875139,0.04415055810750275
589,normal_dep,100000.0,0.1,4,0.07153988334875139,0.06640060108997214
590,normal_dep,100000.0,1.0,0,0.08226206964369454,0.12071987668557557
591,normal_dep,100000.0,1.0,1,0.08226206964369454,0.07796647162892435
592,normal_dep,100000.0,1.0,2,0.08226206964369454,0.08183882172322296
593,normal_dep,100000.0,1.0,3,0.08226206964369454,0.06595495217518689
594,normal_dep,100000.0,1.0,4,0.08226206964369454,0.06483022600556289
595,normal_dep,100000.0,10.0,0,0.09312136366355284,0.12642006790847607
596,normal_dep,100000.0,10.0,1,0.09312136366355284,0.1528273714875182
597,normal_dep,100000.0,10.0,2,0.09312136366355284,0.049704219511091496
598,normal_dep,100000.0,10.0,3,0.09312136366355284,0.06351866964569722
599,normal_dep,100000.0,10.0,4,0.09312136366355284,0.07313648976498123
600,exp_dep,10.0,1e-06,0,0.7258497167677037,0.6774156879927697
601,exp_dep,10.0,1e-06,1,0.7258497167677037,0.6106706335346629
602,exp_dep,10.0,1e-06,2,0.7258497167677037,0.5547803052277348
603,exp_dep,10.0,1e-06,3,0.7258497167677037,0.71867806601513
604,exp_dep,10.0,1e-06,4,0.7258497167677037,1.0677038910682213
605,exp_dep,10.0,1e-05,0,0.7869268697479267,0.5377438413184767
606,exp_dep,10.0,1e-05,1,0.7869268697479267,0.9976337281049793
607,exp_dep,10.0,1e-05,2,0.7869268697479267,0.6598826975690006
608,exp_dep,10.0,1e-05,3,0.7869268697479267,0.5704185821150652
609,exp_dep,10.0,1e-05,4,0.7869268697479267,1.1689554996321119
610,exp_dep,10.0,0.0001,0,0.643961611776463,0.625825279805257
611,exp_dep,10.0,0.0001,1,0.643961611776463,0.5567461043912572
612,exp_dep,10.0,0.0001,2,0.643961611776463,0.7897911344744366
613,exp_dep,10.0,0.0001,3,0.643961611776463,0.563364270075652
614,exp_dep,10.0,0.0001,4,0.643961611776463,0.6840812701357127
615,exp_dep,10.0,0.001,0,0.5369134561161857,0.4692693459318377
616,exp_dep,10.0,0.001,1,0.5369134561161857,0.5822760818234217
617,exp_dep,10.0,0.001,2,0.5369134561161857,0.5946125384985353
618,exp_dep,10.0,0.001,3,0.5369134561161857,0.4832858335041684
619,exp_dep,10.0,0.001,4,0.5369134561161857,0.5551234808229654
620,exp_dep,10.0,0.01,0,0.5482503236011602,0.5934063770687009
621,exp_dep,10.0,0.01,1,0.5482503236011602,0.6135236194711857
622,exp_dep,10.0,0.01,2,0.5482503236011602,0.5182915062690561
623,exp_dep,10.0,0.01,3,0.5482503236011602,0.5070913304789247
624,exp_dep,10.0,0.01,4,0.5482503236011602,0.5089387847179339
625,exp_dep,10.0,0.1,0,0.5168162078238209,0.5095415914037541
626,exp_dep,10.0,0.1,1,0.5168162078238209,0.519380305496501
627,exp_dep,10.0,0.1,2,0.5168162078238209,0.5181084520204565
628,exp_dep,10.0,0.1,3,0.5168162078238209,0.48859310015563173
629,exp_dep,10.0,0.1,4,0.5168162078238209,0.5484575900427607
630,exp_dep,10.0,1.0,0,0.5006900165025441,0.5223669054749526
631,exp_dep,10.0,1.0,1,0.5006900165025441,0.5024777219316953
632,exp_dep,10.0,1.0,2,0.5006900165025441,0.511528875718477
633,exp_dep,10.0,1.0,3,0.5006900165025441,0.5038395875134709
634,exp_dep,10.0,1.0,4,0.5006900165025441,0.4632369918741242
635,exp_dep,10.0,10.0,0,0.5209772128362883,0.5388600593354347
636,exp_dep,10.0,10.0,1,0.5209772128362883,0.45969093264472066
637,exp_dep,10.0,10.0,2,0.5209772128362883,0.5169190965712438
638,exp_dep,10.0,10.0,3,0.5209772128362883,0.5706331656449801
639,exp_dep,10.0,10.0,4,0.5209772128362883,0.5187828099850624
640,exp_dep,100.0,1e-06,0,0.7189371352612024,0.8794623285457753
641,exp_dep,100.0,1e-06,1,0.7189371352612024,0.8386102599915519
642,exp_dep,100.0,1e-06,2,0.7189371352612024,0.706730749517774
643,exp_dep,100.0,1e-06,3,0.7189371352612024,0.6059038582025547
644,exp_dep,100.0,1e-06,4,0.7189371352612024,0.5639784800483563
645,exp_dep,100.0,1e-05,0,0.6141842993606529,0.5475357077009739
646,exp_dep,100.0,1e-05,1,0.6141842993606529,0.5129529446170169
647,exp_dep,100.0,1e-05,2,0.6141842993606529,0.48060877530400853
648,exp_dep,100.0,1e-05,3,0.6141842993606529,0.8100805420348886
649,exp_dep,100.0,1e-05,4,0.6141842993606529,0.7197435271463768
650,exp_dep,100.0,0.0001,0,0.5209497912193188,0.5258396903548221
651,exp_dep,100.0,0.0001,1,0.5209497912193188,0.5289882186207913
652,exp_dep,100.0,0.0001,2,0.5209497912193188,0.5292313815605123
653,exp_dep,100.0,0.0001,3,0.5209497912193188,0.463285514488997
654,exp_dep,100.0,0.0001,4,0.5209497912193188,0.5574041510714715
655,exp_dep,100.0,0.001,0,0.540515072758734,0.5014163333225021
656,exp_dep,100.0,0.001,1,0.540515072758734,0.5054846856113618
657,exp_dep,100.0,0.001,2,0.540515072758734,0.48372304351554807
658,exp_dep,100.0,0.001,3,0.540515072758734,0.7912138485357663
659,exp_dep,100.0,0.001,4,0.540515072758734,0.4207374528084915
660,exp_dep,100.0,0.01,0,0.5002972870255158,0.55085724964433
661,exp_dep,100.0,0.01,1,0.5002972870255158,0.4804802227432971
662,exp_dep,100.0,0.01,2,0.5002972870255158,0.5065629911403516
663,exp_dep,100.0,0.01,3,0.5002972870255158,0.49766594634341255
664,exp_dep,100.0,0.01,4,0.5002972870255158,0.46592002525618753
665,exp_dep,100.0,0.1,0,0.535401776277009,0.4782607530093993
666,exp_dep,100.0,0.1,1,0.535401776277009,0.37406854179945803
667,exp_dep,100.0,0.1,2,0.535401776277009,0.6597485921671002
668,exp_dep,100.0,0.1,3,0.535401776277009,0.6355179978229508
669,exp_dep,100.0,0.1,4,0.535401776277009,0.5294129965861366
670,exp_dep,100.0,1.0,0,0.4125735496744912,0.43448265075310905
671,exp_dep,100.0,1.0,1,0.4125735496744912,0.5109821144356732
672,exp_dep,100.0,1.0,2,0.4125735496744912,0.3158734396990428
673,exp_dep,100.0,1.0,3,0.4125735496744912,0.338005637408519
674,exp_dep,100.0,1.0,4,0.4125735496744912,0.46352390607611227
675,exp_dep,100.0,10.0,0,0.43426502735438166,0.5945393654349186
676,exp_dep,100.0,10.0,1,0.43426502735438166,0.31153300066681794
677,exp_dep,100.0,10.0,2,0.43426502735438166,0.4051213785658307
678,exp_dep,100.0,10.0,3,0.43426502735438166,0.3912946262447732
679,exp_dep,100.0,10.0,4,0.43426502735438166,0.46883676585956807
680,exp_dep,500.0,1e-06,0,0.5441288598190368,0.4184943236421636
681,exp_dep,500.0,1e-06,1,0.5441288598190368,0.7758393108637117
682,exp_dep,500.0,1e-06,2,0.5441288598190368,0.5597387698183022
683,exp_dep,500.0,1e-06,3,0.5441288598190368,0.4931071320341053
684,exp_dep,500.0,1e-06,4,0.5441288598190368,0.47346476273690113
685,exp_dep,500.0,1e-05,0,0.4714782859086869,0.6838554534394171
686,exp_dep,500.0,1e-05,1,0.4714782859086869,0.425130436592632
687,exp_dep,500.0,1e-05,2,0.4714782859086869,0.49135094445265814
688,exp_dep,500.0,1e-05,3,0.4714782859086869,0.337687793116753
689,exp_dep,500.0,1e-05,4,0.4714782859086869,0.4193668019419741
690,exp_dep,500.0,0.0001,0,0.42163962797893434,0.39127026621419664
691,exp_dep,500.0,0.0001,1,0.42163962797893434,0.42009936927029295
692,exp_dep,500.0,0.0001,2,0.42163962797893434,0.4875251892033901
693,exp_dep,500.0,0.0001,3,0.42163962797893434,0.4908679481284293
694,exp_dep,500.0,0.0001,4,0.42163962797893434,0.3184353670783624
695,exp_dep,500.0,0.001,0,0.4476866989983125,0.4905022838025521
696,exp_dep,500.0,0.001,1,0.4476866989983125,0.44403625092256616
697,exp_dep,500.0,0.001,2,0.4476866989983125,0.4667915809228089
698,exp_dep,500.0,0.001,3,0.4476866989983125,0.3148134292942249
699,exp_dep,500.0,0.001,4,0.4476866989983125,0.5222899500494106
700,exp_dep,500.0,0.01,0,0.4056404470633296,0.5430358056109066
701,exp_dep,500.0,0.01,1,0.4056404470633296,0.4080602215307379
702,exp_dep,500.0,0.01,2,0.4056404470633296,0.38655164931897956
703,exp_dep,500.0,0.01,3,0.4056404470633296,0.3705911909701512
704,exp_dep,500.0,0.01,4,0.4056404470633296,0.3199633678858726
705,exp_dep,500.0,0.1,0,0.4101022624120597,0.42916543881701497
706,exp_dep,500.0,0.1,1,0.4101022624120597,0.3165357618878373
707,exp_dep,500.0,0.1,2,0.4101022624120597,0.49469684364245137
708,exp_dep,500.0,0.1,3,0.4101022624120597,0.3815265091064448
709,exp_dep,500.0,0.1,4,0.4101022624120597,0.4285867586065503
710,exp_dep,500.0,1.0,0,0.3375887881763243,0.34717446074336455
711,exp_dep,500.0,1.0,1,0.3375887881763243,0.43311970466474936
712,exp_dep,500.0,1.0,2,0.3375887881763243,0.3408907192728942
713,exp_dep,500.0,1.0,3,0.3375887881763243,0.30044977457651934
714,exp_dep,500.0,1.0,4,0.3375887881763243,0.2663092816240939
715,exp_dep,500.0,10.0,0,0.40527666759493186,0.4029039391915187
716,exp_dep,500.0,10.0,1,0.40527666759493186,0.37316939037062824
717,exp_dep,500.0,10.0,2,0.40527666759493186,0.4848243539420382
718,exp_dep,500.0,10.0,3,0.40527666759493186,0.2970940571456378
719,exp_dep,500.0,10.0,4,0.40527666759493186,0.46839159732483665
720,exp_dep,1000.0,1e-06,0,0.5134467637119176,0.36853263589821533
721,exp_dep,1000.0,1e-06,1,0.5134467637119176,0.6566946679977358
722,exp_dep,1000.0,1e-06,2,0.5134467637119176,0.4793433403121495
723,exp_dep,1000.0,1e-06,3,0.5134467637119176,0.5623288082245217
724,exp_dep,1000.0,1e-06,4,0.5134467637119176,0.5003343661269657
725,exp_dep,1000.0,1e-05,0,0.48021935059023163,0.5999413148667515
726,exp_dep,1000.0,1e-05,1,0.48021935059023163,0.44098707623156275
727,exp_dep,1000.0,1e-05,2,0.48021935059023163,0.4922800018054616
728,exp_dep,1000.0,1e-05,3,0.48021935059023163,0.39020699165589595
729,exp_dep,1000.0,1e-05,4,0.48021935059023163,0.4776813683914862
730,exp_dep,1000.0,0.0001,0,0.33517398419889144,0.44663453457131064
731,exp_dep,1000.0,0.0001,1,0.33517398419889144,0.3908090054275669
732,exp_dep,1000.0,0.0001,2,0.33517398419889144,0.2434725625285278
733,exp_dep,1000.0,0.0001,3,0.33517398419889144,0.1819256455227292
734,exp_dep,1000.0,0.0001,4,0.33517398419889144,0.41302817294432265
735,exp_dep,1000.0,0.001,0,0.42530815079558126,0.46138253962728915
736,exp_dep,1000.0,0.001,1,0.42530815079558126,0.488478721261141
737,exp_dep,1000.0,0.001,2,0.42530815079558126,0.30677675417737404
738,exp_dep,1000.0,0.001,3,0.42530815079558126,0.3542483265648841
739,exp_dep,1000.0,0.001,4,0.42530815079558126,0.5156544123472178
740,exp_dep,1000.0,0.01,0,0.4014811119478255,0.4909168840163599
741,exp_dep,1000.0,0.01,1,0.4014811119478255,0.3857281211706377
742,exp_dep,1000.0,0.01,2,0.4014811119478255,0.4085563847235305
743,exp_dep,1000.0,0.01,3,0.4014811119478255,0.42566101611658846
744,exp_dep,1000.0,0.01,4,0.4014811119478255,0.29654315371201095
745,exp_dep,1000.0,0.1,0,0.3729351728929613,0.2768441237406156
746,exp_dep,1000.0,0.1,1,0.3729351728929613,0.4368222646488516
747,exp_dep,1000.0,0.1,2,0.3729351728929613,0.5229018460336071
748,exp_dep,1000.0,0.1,3,0.3729351728929613,0.34248781618574314
749,exp_dep,1000.0,0.1,4,0.3729351728929613,0.2856198138559888
750,exp_dep,1000.0,1.0,0,0.3780976433199102,0.4317870162509997
751,exp_dep,1000.0,1.0,1,0.3780976433199102,0.3815726387267656
752,exp_dep,1000.0,1.0,2,0.3780976433199102,0.3938617454448352
753,exp_dep,1000.0,1.0,3,0.3780976433199102,0.24264726669419756
754,exp_dep,1000.0,1.0,4,0.3780976433199102,0.4406195494827528
755,exp_dep,1000.0,10.0,0,0.43965008787884285,0.4625469768425422
756,exp_dep,1000.0,10.0,1,0.43965008787884285,0.2862290896256812
757,exp_dep,1000.0,10.0,2,0.43965008787884285,0.6266879925908306
758,exp_dep,1000.0,10.0,3,0.43965008787884285,0.34316920230857534
759,exp_dep,1000.0,10.0,4,0.43965008787884285,0.47961717802658477
760,exp_dep,2000.0,1e-06,0,0.4232733508179131,0.40535747493205027
761,exp_dep,2000.0,1e-06,1,0.4232733508179131,0.4894201351492945
762,exp_dep,2000.0,1e-06,2,0.4232733508179131,0.4751535964283977
763,exp_dep,2000.0,1e-06,3,0.4232733508179131,0.3687991499931229
764,exp_dep,2000.0,1e-06,4,0.4232733508179131,0.3776363975867003
765,exp_dep,2000.0,1e-05,0,0.4958053939850428,0.5264904292014159
766,exp_dep,2000.0,1e-05,1,0.4958053939850428,0.6729195226325493
767,exp_dep,2000.0,1e-05,2,0.4958053939850428,0.36733530945472953
768,exp_dep,2000.0,1e-05,3,0.4958053939850428,0.4557272172831085
769,exp_dep,2000.0,1e-05,4,0.4958053939850428,0.45655449135341114
770,exp_dep,2000.0,0.0001,0,0.41127299264166056,0.392606135640618
771,exp_dep,2000.0,0.0001,1,0.41127299264166056,0.27731031879749585
772,exp_dep,2000.0,0.0001,2,0.41127299264166056,0.42642987780633546
773,exp_dep,2000.0,0.0001,3,0.41127299264166056,0.43111625991627783
774,exp_dep,2000.0,0.0001,4,0.41127299264166056,0.5289023710475755
775,exp_dep,2000.0,0.001,0,0.43843498463442226,0.38235669331792105
776,exp_dep,2000.0,0.001,1,0.43843498463442226,0.4851982575989538
777,exp_dep,2000.0,0.001,2,0.43843498463442226,0.46116102249700974
778,exp_dep,2000.0,0.001,3,0.43843498463442226,0.4535727272602223
779,exp_dep,2000.0,0.001,4,0.43843498463442226,0.4098862224980044
780,exp_dep,2000.0,0.01,0,0.4895332318812546,0.4476538017198587
781,exp_dep,2000.0,0.01,1,0.4895332318812546,0.3723436632602562
782,exp_dep,2000.0,0.01,2,0.4895332318812546,0.6035076219240452
783,exp_dep,2000.0,0.01,3,0.4895332318812546,0.6008493496661746
784,exp_dep,2000.0,0.01,4,0.4895332318812546,0.42331172283593826
785,exp_dep,2000.0,0.1,0,0.43683603652562636,0.551255856281894
786,exp_dep,2000.0,0.1,1,0.43683603652562636,0.40119084751296813
787,exp_dep,2000.0,0.1,2,0.43683603652562636,0.3705752674218607
788,exp_dep,2000.0,0.1,3,0.43683603652562636,0.3790939486613817
789,exp_dep,2000.0,0.1,4,0.43683603652562636,0.48206426275002734
790,exp_dep,2000.0,1.0,0,0.36127105240556145,0.38263328634815846
791,exp_dep,2000.0,1.0,1,0.36127105240556145,0.3570311886135899
792,exp_dep,2000.0,1.0,2,0.36127105240556145,0.3665038405826627
793,exp_dep,2000.0,1.0,3,0.36127105240556145,0.35642570143244406
794,exp_dep,2000.0,1.0,4,0.36127105240556145,0.3437612450509519
795,exp_dep,2000.0,10.0,0,0.34348896312400434,0.5089805676826903
796,exp_dep,2000.0,10.0,1,0.34348896312400434,0.2404296792022479
797,exp_dep,2000.0,10.0,2,0.34348896312400434,0.3480983706296394
798,exp_dep,2000.0,10.0,3,0.34348896312400434,0.3081731611465689
799,exp_dep,2000.0,10.0,4,0.34348896312400434,0.3117630369588751
800,exp_dep,3000.0,1e-06,0,0.4296021616711435,0.44346956870432525
801,exp_dep,3000.0,1e-06,1,0.4296021616711435,0.3380597413614422
802,exp_dep,3000.0,1e-06,2,0.4296021616711435,0.4763859345441731
803,exp_dep,3000.0,1e-06,3,0.4296021616711435,0.40077571171435505
804,exp_dep,3000.0,1e-06,4,0.4296021616711435,0.4893198520314223
805,exp_dep,3000.0,1e-05,0,0.44281024934388824,0.4496976392863333
806,exp_dep,3000.0,1e-05,1,0.44281024934388824,0.4828666679071974
807,exp_dep,3000.0,1e-05,2,0.44281024934388824,0.4774746245368016
808,exp_dep,3000.0,1e-05,3,0.44281024934388824,0.39693691509121
809,exp_dep,3000.0,1e-05,4,0.44281024934388824,0.40707539989789915
810,exp_dep,3000.0,0.0001,0,0.4927523357553363,0.66040496222057
811,exp_dep,3000.0,0.0001,1,0.4927523357553363,0.44377521364495526
812,exp_dep,3000.0,0.0001,2,0.4927523357553363,0.3861103791570096
813,exp_dep,3000.0,0.0001,3,0.4927523357553363,0.4974962618003514
814,exp_dep,3000.0,0.0001,4,0.4927523357553363,0.47597486195379546
815,exp_dep,3000.0,0.001,0,0.43982876691576606,0.40411461476376065
816,exp_dep,3000.0,0.001,1,0.43982876691576606,0.43766576025144227
817,exp_dep,3000.0,0.001,2,0.43982876691576606,0.37587639934998435
818,exp_dep,3000.0,0.001,3,0.43982876691576606,0.49816786917193007
819,exp_dep,3000.0,0.001,4,0.43982876691576606,0.48331919104171334
820,exp_dep,3000.0,0.01,0,0.4043811311405161,0.3521308596984517
821,exp_dep,3000.0,0.01,1,0.4043811311405161,0.4123512236954077
822,exp_dep,3000.0,0.01,2,0.4043811311405161,0.48646197539948094
823,exp_dep,3000.0,0.01,3,0.4043811311405161,0.48295422469726124
824,exp_dep,3000.0,0.01,4,0.4043811311405161,0.28800737221197914
825,exp_dep,3000.0,0.1,0,0.47431987150841837,0.5101093918966427
826,exp_dep,3000.0,0.1,1,0.47431987150841837,0.5185435867067438
827,exp_dep,3000.0,0.1,2,0.47431987150841837,0.3810475341798236
828,exp_dep,3000.0,0.1,3,0.47431987150841837,0.4889846237807717
829,exp_dep,3000.0,0.1,4,0.47431987150841837,0.4729142209781097
830,exp_dep,3000.0,1.0,0,0.40410158099094307,0.503790493854671
831,exp_dep,3000.0,1.0,1,0.40410158099094307,0.45531249020629405
832,exp_dep,3000.0,1.0,2,0.40410158099094307,0.2752399976419247
833,exp_dep,3000.0,1.0,3,0.40410158099094307,0.3506591446959768
834,exp_dep,3000.0,1.0,4,0.40410158099094307,0.43550577855584877
835,exp_dep,3000.0,10.0,0,0.4235611982751003,0.316881881904022
836,exp_dep,3000.0,10.0,1,0.4235611982751003,0.3812348779598917
837,exp_dep,3000.0,10.0,2,0.4235611982751003,0.5352883161245942
838,exp_dep,3000.0,10.0,3,0.4235611982751003,0.45326108164627815
839,exp_dep,3000.0,10.0,4,0.4235611982751003,0.4311398337407157
840,exp_dep,4000.0,1e-06,0,0.4323980278177886,0.4165965134524725
841,exp_dep,4000.0,1e-06,1,0.4323980278177886,0.2728167460816741
842,exp_dep,4000.0,1e-06,2,0.4323980278177886,0.4883244027360395
843,exp_dep,4000.0,1e-06,3,0.4323980278177886,0.5620131546411365
844,exp_dep,4000.0,1e-06,4,0.4323980278177886,0.4222393221776199
845,exp_dep,4000.0,1e-05,0,0.41986048349153193,0.3976488385387425
846,exp_dep,4000.0,1e-05,1,0.41986048349153193,0.34898359942107365
847,exp_dep,4000.0,1e-05,2,0.41986048349153193,0.4250281590122138
848,exp_dep,4000.0,1e-05,3,0.41986048349153193,0.3623382199501007
849,exp_dep,4000.0,1e-05,4,0.41986048349153193,0.5653036005355293
850,exp_dep,4000.0,0.0001,0,0.42321242830857775,0.48796970340251566
851,exp_dep,4000.0,0.0001,1,0.42321242830857775,0.4951173116469827
852,exp_dep,4000.0,0.0001,2,0.42321242830857775,0.27338644177219884
853,exp_dep,4000.0,0.0001,3,0.42321242830857775,0.43420387116163145
854,exp_dep,4000.0,0.0001,4,0.42321242830857775,0.4253848135595606
855,exp_dep,4000.0,0.001,0,0.5019614477358149,0.6592782882859102
856,exp_dep,4000.0,0.001,1,0.5019614477358149,0.46741689945363074
857,exp_dep,4000.0,0.001,2,0.5019614477358149,0.47634687676487464
858,exp_dep,4000.0,0.001,3,0.5019614477358149,0.4790847995089503
859,exp_dep,4000.0,0.001,4,0.5019614477358149,0.42768037466570846
860,exp_dep,4000.0,0.01,0,0.4127499334155054,0.380697549375989
861,exp_dep,4000.0,0.01,1,0.4127499334155054,0.3432054765973548
862,exp_dep,4000.0,0.01,2,0.4127499334155054,0.3303148353140376
863,exp_dep,4000.0,0.01,3,0.4127499334155054,0.41117024324438783
864,exp_dep,4000.0,0.01,4,0.4127499334155054,0.598361562545758
865,exp_dep,4000.0,0.1,0,0.454181222790038,0.4793610540076027
866,exp_dep,4000.0,0.1,1,0.454181222790038,0.48751498941539767
867,exp_dep,4000.0,0.1,2,0.454181222790038,0.5458378469431288
868,exp_dep,4000.0,0.1,3,0.454181222790038,0.32858995562549664
869,exp_dep,4000.0,0.1,4,0.454181222790038,0.4296022679585642
870,exp_dep,4000.0,1.0,0,0.404991901800953,0.3327958695481895
871,exp_dep,4000.0,1.0,1,0.404991901800953,0.3972268804750705
872,exp_dep,4000.0,1.0,2,0.404991901800953,0.4726926736714161
873,exp_dep,4000.0,1.0,3,0.404991901800953,0.4772335684630887
874,exp_dep,4000.0,1.0,4,0.404991901800953,0.345010516847
875,exp_dep,4000.0,10.0,0,0.4425569795079108,0.3882273537388116
876,exp_dep,4000.0,10.0,1,0.4425569795079108,0.4709334423659208
877,exp_dep,4000.0,10.0,2,0.4425569795079108,0.34201619388979887
878,exp_dep,4000.0,10.0,3,0.4425569795079108,0.5159717833518643
879,exp_dep,4000.0,10.0,4,0.4425569795079108,0.495636124193158
880,exp_dep,5000.0,1e-06,0,0.4506469259437644,0.5812060793050513
881,exp_dep,5000.0,1e-06,1,0.4506469259437644,0.3597254953538496
882,exp_dep,5000.0,1e-06,2,0.4506469259437644,0.35734263090823193
883,exp_dep,5000.0,1e-06,3,0.4506469259437644,0.49527583789437235
884,exp_dep,5000.0,1e-06,4,0.4506469259437644,0.45968458625731645
885,exp_dep,5000.0,1e-05,0,0.4680340056352724,0.5784414794767154
886,exp_dep,5000.0,1e-05,1,0.4680340056352724,0.41711313710165665
887,exp_dep,5000.0,1e-05,2,0.4680340056352724,0.4994097423277129
888,exp_dep,5000.0,1e-05,3,0.4680340056352724,0.4846660599004713
889,exp_dep,5000.0,1e-05,4,0.4680340056352724,0.3605396093698057
890,exp_dep,5000.0,0.0001,0,0.4027003646407157,0.4611153390311008
891,exp_dep,5000.0,0.0001,1,0.4027003646407157,0.3290027248527797
892,exp_dep,5000.0,0.0001,2,0.4027003646407157,0.5214249198723123
893,exp_dep,5000.0,0.0001,3,0.4027003646407157,0.38407997323673926
894,exp_dep,5000.0,0.0001,4,0.4027003646407157,0.3178788662106466
895,exp_dep,5000.0,0.001,0,0.4428322640772772,0.4404328283067878
896,exp_dep,5000.0,0.001,1,0.4428322640772772,0.5007538038370176
897,exp_dep,5000.0,0.001,2,0.4428322640772772,0.5480578304854652
898,exp_dep,5000.0,0.001,3,0.4428322640772772,0.3780743176675961
899,exp_dep,5000.0,0.001,4,0.4428322640772772,0.3468425400895195
900,exp_dep,5000.0,0.01,0,0.4175635904635059,0.488475076724317
901,exp_dep,5000.0,0.01,1,0.4175635904635059,0.4964500750342226
902,exp_dep,5000.0,0.01,2,0.4175635904635059,0.40944721816218355
903,exp_dep,5000.0,0.01,3,0.4175635904635059,0.4002882605586118
904,exp_dep,5000.0,0.01,4,0.4175635904635059,0.29315732183819476
905,exp_dep,5000.0,0.1,0,0.3897253751089043,0.4775102272534293
906,exp_dep,5000.0,0.1,1,0.3897253751089043,0.39372021908509575
907,exp_dep,5000.0,0.1,2,0.3897253751089043,0.4087946645454828
908,exp_dep,5000.0,0.1,3,0.3897253751089043,0.30915586161640773
909,exp_dep,5000.0,0.1,4,0.3897253751089043,0.35944590304410595
910,exp_dep,5000.0,1.0,0,0.4164476879534374,0.442688823524312
911,exp_dep,5000.0,1.0,1,0.4164476879534374,0.41558214330206594
912,exp_dep,5000.0,1.0,2,0.4164476879534374,0.4797415022064915
913,exp_dep,5000.0,1.0,3,0.4164476879534374,0.4289001170518581
914,exp_dep,5000.0,1.0,4,0.4164476879534374,0.31532585368245947
915,exp_dep,5000.0,10.0,0,0.43501034906113345,0.4055026388803611
916,exp_dep,5000.0,10.0,1,0.43501034906113345,0.491793113883
917,exp_dep,5000.0,10.0,2,0.43501034906113345,0.40878127628084765
918,exp_dep,5000.0,10.0,3,0.43501034906113345,0.36523778782045574
919,exp_dep,5000.0,10.0,4,0.43501034906113345,0.5037369284410028
920,exp_dep,6000.0,1e-06,0,0.4632805877013261,0.4740541793669375
921,exp_dep,6000.0,1e-06,1,0.4632805877013261,0.38152134595640796
922,exp_dep,6000.0,1e-06,2,0.4632805877013261,0.4885008296957556
923,exp_dep,6000.0,1e-06,3,0.4632805877013261,0.31896929073992253
924,exp_dep,6000.0,1e-06,4,0.4632805877013261,0.6533572927476067
925,exp_dep,6000.0,1e-05,0,0.39473777826416284,0.40087593283191364
926,exp_dep,6000.0,1e-05,1,0.39473777826416284,0.3947539526138154
927,exp_dep,6000.0,1e-05,2,0.39473777826416284,0.32779474196707
928,exp_dep,6000.0,1e-05,3,0.39473777826416284,0.4283076787350642
929,exp_dep,6000.0,1e-05,4,0.39473777826416284,0.4219565851729509
930,exp_dep,6000.0,0.0001,0,0.3993059755282552,0.42962054652659404
931,exp_dep,6000.0,0.0001,1,0.3993059755282552,0.17688316362899137
932,exp_dep,6000.0,0.0001,2,0.3993059755282552,0.48060259260375
933,exp_dep,6000.0,0.0001,3,0.3993059755282552,0.49367618565845217
934,exp_dep,6000.0,0.0001,4,0.3993059755282552,0.4157473892234883
935,exp_dep,6000.0,0.001,0,0.48053878616571816,0.5580840274951739
936,exp_dep,6000.0,0.001,1,0.48053878616571816,0.2996056202524764
937,exp_dep,6000.0,0.001,2,0.48053878616571816,0.6449432862404744
938,exp_dep,6000.0,0.001,3,0.48053878616571816,0.49662362756575945
939,exp_dep,6000.0,0.001,4,0.48053878616571816,0.4034373692747068
940,exp_dep,6000.0,0.01,0,0.4114093638593251,0.3675432588221998
941,exp_dep,6000.0,0.01,1,0.4114093638593251,0.387590358514997
942,exp_dep,6000.0,0.01,2,0.4114093638593251,0.4900544309827229
943,exp_dep,6000.0,0.01,3,0.4114093638593251,0.3146167889345941
944,exp_dep,6000.0,0.01,4,0.4114093638593251,0.49724198204211156
945,exp_dep,6000.0,0.1,0,0.4428335310426877,0.3823394984058946
946,exp_dep,6000.0,0.1,1,0.4428335310426877,0.552082267346443
947,exp_dep,6000.0,0.1,2,0.4428335310426877,0.41636149179864473
948,exp_dep,6000.0,0.1,3,0.4428335310426877,0.49461852154623487
949,exp_dep,6000.0,0.1,4,0.4428335310426877,0.3687658761162213
950,exp_dep,6000.0,1.0,0,0.3682570836399176,0.4886753991922037
951,exp_dep,6000.0,1.0,1,0.3682570836399176,0.2538427405570713
952,exp_dep,6000.0,1.0,2,0.3682570836399176,0.3835816010761457
953,exp_dep,6000.0,1.0,3,0.3682570836399176,0.34510202808084883
954,exp_dep,6000.0,1.0,4,0.3682570836399176,0.37008364929331855
955,exp_dep,6000.0,10.0,0,0.39617275775775307,0.4322976951791694
956,exp_dep,6000.0,10.0,1,0.39617275775775307,0.3427131205597332
957,exp_dep,6000.0,10.0,2,0.39617275775775307,0.44238941555257866
958,exp_dep,6000.0,10.0,3,0.39617275775775307,0.4103441720963189
959,exp_dep,6000.0,10.0,4,0.39617275775775307,0.353119385400965
960,exp_dep,7000.0,1e-06,0,0.4404150670644403,0.5141113351321936
961,exp_dep,7000.0,1e-06,1,0.4404150670644403,0.29747496235747606
962,exp_dep,7000.0,1e-06,2,0.4404150670644403,0.4370292832250517
963,exp_dep,7000.0,1e-06,3,0.4404150670644403,0.47085041239331327
964,exp_dep,7000.0,1e-06,4,0.4404150670644403,0.48260934221416674
965,exp_dep,7000.0,1e-05,0,0.44818678388226135,0.6148632638902041
966,exp_dep,7000.0,1e-05,1,0.44818678388226135,0.31808308313594946
967,exp_dep,7000.0,1e-05,2,0.44818678388226135,0.31477975328914676
968,exp_dep,7000.0,1e-05,3,0.44818678388226135,0.5457527883248756
969,exp_dep,7000.0,1e-05,4,0.44818678388226135,0.4474550307711309
970,exp_dep,7000.0,0.0001,0,0.4614574902722325,0.6072302401798607
971,exp_dep,7000.0,0.0001,1,0.4614574902722325,0.414147133522708
972,exp_dep,7000.0,0.0001,2,0.4614574902722325,0.4955656694980681
973,exp_dep,7000.0,0.0001,3,0.4614574902722325,0.35011860948024126
974,exp_dep,7000.0,0.0001,4,0.4614574902722325,0.4402257986802842
975,exp_dep,7000.0,0.001,0,0.4219890959973842,0.4443835245038426
976,exp_dep,7000.0,0.001,1,0.4219890959973842,0.436075537883665
977,exp_dep,7000.0,0.001,2,0.4219890959973842,0.39948194503178086
978,exp_dep,7000.0,0.001,3,0.4219890959973842,0.33614099332578656
979,exp_dep,7000.0,0.001,4,0.4219890959973842,0.49386347924184587
980,exp_dep,7000.0,0.01,0,0.4914179997156142,0.5002584129347996
981,exp_dep,7000.0,0.01,1,0.4914179997156142,0.4913134391362894
982,exp_dep,7000.0,0.01,2,0.4914179997156142,0.4601125501570059
983,exp_dep,7000.0,0.01,3,0.4914179997156142,0.5608647445987046
984,exp_dep,7000.0,0.01,4,0.4914179997156142,0.44454085175127145
985,exp_dep,7000.0,0.1,0,0.43213153962567874,0.29736336106352995
986,exp_dep,7000.0,0.1,1,0.43213153962567874,0.43006612726265453
987,exp_dep,7000.0,0.1,2,0.43213153962567874,0.4973834632301648
988,exp_dep,7000.0,0.1,3,0.43213153962567874,0.4641178732139773
989,exp_dep,7000.0,0.1,4,0.43213153962567874,0.4717268733580675
990,exp_dep,7000.0,1.0,0,0.38513020122452457,0.3845954677241268
991,exp_dep,7000.0,1.0,1,0.38513020122452457,0.3559536641445727
992,exp_dep,7000.0,1.0,2,0.38513020122452457,0.43066470135381324
993,exp_dep,7000.0,1.0,3,0.38513020122452457,0.36204223668741375
994,exp_dep,7000.0,1.0,4,0.38513020122452457,0.39239493621269644
995,exp_dep,7000.0,10.0,0,0.4937241203110667,0.4165193533108423
996,exp_dep,7000.0,10.0,1,0.4937241203110667,0.4040264981703706
997,exp_dep,7000.0,10.0,2,0.4937241203110667,0.45246642109132146
998,exp_dep,7000.0,10.0,3,0.4937241203110667,0.6573447785569233
999,exp_dep,7000.0,10.0,4,0.4937241203110667,0.538263550425876
1000,exp_dep,8000.0,1e-06,0,0.44819906845488405,0.37633697696538004
1001,exp_dep,8000.0,1e-06,1,0.44819906845488405,0.6034622347588632
1002,exp_dep,8000.0,1e-06,2,0.44819906845488405,0.24775973264993167
1003,exp_dep,8000.0,1e-06,3,0.44819906845488405,0.4971200643377322
1004,exp_dep,8000.0,1e-06,4,0.44819906845488405,0.5163163335625127
1005,exp_dep,8000.0,1e-05,0,0.4147591784930563,0.42057417142139386
1006,exp_dep,8000.0,1e-05,1,0.4147591784930563,0.45531059761865167
1007,exp_dep,8000.0,1e-05,2,0.4147591784930563,0.3864821424062944
1008,exp_dep,8000.0,1e-05,3,0.4147591784930563,0.3605896604224616
1009,exp_dep,8000.0,1e-05,4,0.4147591784930563,0.4508393205964802
1010,exp_dep,8000.0,0.0001,0,0.3885200320863477,0.4540883862270282
1011,exp_dep,8000.0,0.0001,1,0.3885200320863477,0.554203547390218
1012,exp_dep,8000.0,0.0001,2,0.3885200320863477,0.3686962181742347
1013,exp_dep,8000.0,0.0001,3,0.3885200320863477,0.33763007621694796
1014,exp_dep,8000.0,0.0001,4,0.3885200320863477,0.22798193242330955
1015,exp_dep,8000.0,0.001,0,0.4258644993118382,0.522119752054588
1016,exp_dep,8000.0,0.001,1,0.4258644993118382,0.3326714789575836
1017,exp_dep,8000.0,0.001,2,0.4258644993118382,0.6257344301568027
1018,exp_dep,8000.0,0.001,3,0.4258644993118382,0.2932659562847077
1019,exp_dep,8000.0,0.001,4,0.4258644993118382,0.35553087910550873
1020,exp_dep,8000.0,0.01,0,0.4825903184501089,0.4896418786656885
1021,exp_dep,8000.0,0.01,1,0.4825903184501089,0.34464341148759314
1022,exp_dep,8000.0,0.01,2,0.4825903184501089,0.5260268315622703
1023,exp_dep,8000.0,0.01,3,0.4825903184501089,0.5582493361298034
1024,exp_dep,8000.0,0.01,4,0.4825903184501089,0.4943901344051895
1025,exp_dep,8000.0,0.1,0,0.445745920092664,0.3941116222785485
1026,exp_dep,8000.0,0.1,1,0.445745920092664,0.4429071626011027
1027,exp_dep,8000.0,0.1,2,0.445745920092664,0.45040785603065653
1028,exp_dep,8000.0,0.1,3,0.445745920092664,0.4416810503844188
1029,exp_dep,8000.0,0.1,4,0.445745920092664,0.4996219091685934
1030,exp_dep,8000.0,1.0,0,0.4481760070536698,0.4463892456633721
1031,exp_dep,8000.0,1.0,1,0.4481760070536698,0.49101600076504914
1032,exp_dep,8000.0,1.0,2,0.4481760070536698,0.35103610769109866
1033,exp_dep,8000.0,1.0,3,0.4481760070536698,0.4679542584605311
1034,exp_dep,8000.0,1.0,4,0.4481760070536698,0.48448442268829806
1035,exp_dep,8000.0,10.0,0,0.3767470614045737,0.3560653102143792
1036,exp_dep,8000.0,10.0,1,0.3767470614045737,0.35931119681214185
1037,exp_dep,8000.0,10.0,2,0.3767470614045737,0.3951833878143211
1038,exp_dep,8000.0,10.0,3,0.3767470614045737,0.428545248049708
1039,exp_dep,8000.0,10.0,4,0.3767470614045737,0.3446301641323183
1040,exp_dep,9000.0,1e-06,0,0.44954375447974737,0.35963887064428823
1041,exp_dep,9000.0,1e-06,1,0.44954375447974737,0.5604501835323522
1042,exp_dep,9000.0,1e-06,2,0.44954375447974737,0.5717175870902049
1043,exp_dep,9000.0,1e-06,3,0.44954375447974737,0.4659599939279111
1044,exp_dep,9000.0,1e-06,4,0.44954375447974737,0.2899521372039803
1045,exp_dep,9000.0,1e-05,0,0.44151812047503897,0.4419577504324036
1046,exp_dep,9000.0,1e-05,1,0.44151812047503897,0.46644361948835183
1047,exp_dep,9000.0,1e-05,2,0.44151812047503897,0.387386366057103
1048,exp_dep,9000.0,1e-05,3,0.44151812047503897,0.46528907077177845
1049,exp_dep,9000.0,1e-05,4,0.44151812047503897,0.4465137956255576
1050,exp_dep,9000.0,0.0001,0,0.3977882276268196,0.3667414047397623
1051,exp_dep,9000.0,0.0001,1,0.3977882276268196,0.475858822700561
1052,exp_dep,9000.0,0.0001,2,0.3977882276268196,0.3311983121597354
1053,exp_dep,9000.0,0.0001,3,0.3977882276268196,0.3683155358315397
1054,exp_dep,9000.0,0.0001,4,0.3977882276268196,0.4468270627024997
1055,exp_dep,9000.0,0.001,0,0.45261592453582633,0.38083095647507864
1056,exp_dep,9000.0,0.001,1,0.45261592453582633,0.3970579246587518
1057,exp_dep,9000.0,0.001,2,0.45261592453582633,0.4986212912330687
1058,exp_dep,9000.0,0.001,3,0.45261592453582633,0.5369164879679532
1059,exp_dep,9000.0,0.001,4,0.45261592453582633,0.4496529623442791
1060,exp_dep,9000.0,0.01,0,0.41090562983550927,0.4262854856354432
1061,exp_dep,9000.0,0.01,1,0.41090562983550927,0.3125689086436872
1062,exp_dep,9000.0,0.01,2,0.41090562983550927,0.4357477595308022
1063,exp_dep,9000.0,0.01,3,0.41090562983550927,0.48579923735780567
1064,exp_dep,9000.0,0.01,4,0.41090562983550927,0.39412675800980795
1065,exp_dep,9000.0,0.1,0,0.4306727322761389,0.43009337132507086
1066,exp_dep,9000.0,0.1,1,0.4306727322761389,0.3819583343514478
1067,exp_dep,9000.0,0.1,2,0.4306727322761389,0.39888163457421305
1068,exp_dep,9000.0,0.1,3,0.4306727322761389,0.47497231411102414
1069,exp_dep,9000.0,0.1,4,0.4306727322761389,0.46745800701893847
1070,exp_dep,9000.0,1.0,0,0.4682680645587555,0.4876807210783919
1071,exp_dep,9000.0,1.0,1,0.4682680645587555,0.49609795499477427
1072,exp_dep,9000.0,1.0,2,0.4682680645587555,0.43062093706449067
1073,exp_dep,9000.0,1.0,3,0.4682680645587555,0.474482993153093
1074,exp_dep,9000.0,1.0,4,0.4682680645587555,0.4524577165030278
1075,exp_dep,9000.0,10.0,0,0.4062810188721884,0.4296423304842349
1076,exp_dep,9000.0,10.0,1,0.4062810188721884,0.3785832340415252
1077,exp_dep,9000.0,10.0,2,0.4062810188721884,0.44779674962572696
1078,exp_dep,9000.0,10.0,3,0.4062810188721884,0.3085218917926254
1079,exp_dep,9000.0,10.0,4,0.4062810188721884,0.46686088841682966
1080,exp_dep,10000.0,1e-06,0,0.39860845232104486,0.6008296905115145
1081,exp_dep,10000.0,1e-06,1,0.39860845232104486,0.32035012989064404
1082,exp_dep,10000.0,1e-06,2,0.39860845232104486,0.2667403859824936
1083,exp_dep,10000.0,1e-06,3,0.39860845232104486,0.38878312381119823
1084,exp_dep,10000.0,1e-06,4,0.39860845232104486,0.4163389314093739
1085,exp_dep,10000.0,1e-05,0,0.47856202676574033,0.6154737277163724
1086,exp_dep,10000.0,1e-05,1,0.47856202676574033,0.4043910554199234
1087,exp_dep,10000.0,1e-05,2,0.47856202676574033,0.4079839608430359
1088,exp_dep,10000.0,1e-05,3,0.47856202676574033,0.46310731253386506
1089,exp_dep,10000.0,1e-05,4,0.47856202676574033,0.5018540773155048
1090,exp_dep,10000.0,0.0001,0,0.44586240547204614,0.44991542032161247
1091,exp_dep,10000.0,0.0001,1,0.44586240547204614,0.5418581201090914
1092,exp_dep,10000.0,0.0001,2,0.44586240547204614,0.362700483808389
1093,exp_dep,10000.0,0.0001,3,0.44586240547204614,0.39682592619456586
1094,exp_dep,10000.0,0.0001,4,0.44586240547204614,0.4780120769265719
1095,exp_dep,10000.0,0.001,0,0.3804780737167274,0.3140570642048266
1096,exp_dep,10000.0,0.001,1,0.3804780737167274,0.3687827240018906
1097,exp_dep,10000.0,0.001,2,0.3804780737167274,0.3869746945602769
1098,exp_dep,10000.0,0.001,3,0.3804780737167274,0.3823166402546295
1099,exp_dep,10000.0,0.001,4,0.3804780737167274,0.4502592455620136
1100,exp_dep,10000.0,0.01,0,0.43632113021645075,0.4487661256670208
1101,exp_dep,10000.0,0.01,1,0.43632113021645075,0.3723171435159336
1102,exp_dep,10000.0,0.01,2,0.43632113021645075,0.46795946850041537
1103,exp_dep,10000.0,0.01,3,0.43632113021645075,0.3460093912278091
1104,exp_dep,10000.0,0.01,4,0.43632113021645075,0.546553522171075
1105,exp_dep,10000.0,0.1,0,0.3918721963765098,0.4658599593193101
1106,exp_dep,10000.0,0.1,1,0.3918721963765098,0.35859383056040267
1107,exp_dep,10000.0,0.1,2,0.3918721963765098,0.3640527996877717
1108,exp_dep,10000.0,0.1,3,0.3918721963765098,0.4448380602134088
1109,exp_dep,10000.0,0.1,4,0.3918721963765098,0.3260163321016556
1110,exp_dep,10000.0,1.0,0,0.4474368602054966,0.4175936726858906
1111,exp_dep,10000.0,1.0,1,0.4474368602054966,0.44681598342901063
1112,exp_dep,10000.0,1.0,2,0.4474368602054966,0.45095143883850697
1113,exp_dep,10000.0,1.0,3,0.4474368602054966,0.5607851097367371
1114,exp_dep,10000.0,1.0,4,0.4474368602054966,0.36103809633733785
1115,exp_dep,10000.0,10.0,0,0.48324390722241956,0.4504581271790362
1116,exp_dep,10000.0,10.0,1,0.48324390722241956,0.49543087535315367
1117,exp_dep,10000.0,10.0,2,0.48324390722241956,0.523562443602735
1118,exp_dep,10000.0,10.0,3,0.48324390722241956,0.47426533287985706
1119,exp_dep,10000.0,10.0,4,0.48324390722241956,0.4725027570973161
1120,exp_dep,20000.0,1e-06,0,0.550660675836175,0.4832927229165703
1121,exp_dep,20000.0,1e-06,1,0.550660675836175,0.7845227546689818
1122,exp_dep,20000.0,1e-06,2,0.550660675836175,0.47830265249097087
1123,exp_dep,20000.0,1e-06,3,0.550660675836175,0.4656498019937505
1124,exp_dep,20000.0,1e-06,4,0.550660675836175,0.5415354471106018
1125,exp_dep,20000.0,1e-05,0,0.4065767966091477,0.48410576766760255
1126,exp_dep,20000.0,1e-05,1,0.4065767966091477,0.29708990504685034
1127,exp_dep,20000.0,1e-05,2,0.4065767966091477,0.4540141178453509
1128,exp_dep,20000.0,1e-05,3,0.4065767966091477,0.352497392771161
1129,exp_dep,20000.0,1e-05,4,0.4065767966091477,0.44517679971477375
1130,exp_dep,20000.0,0.0001,0,0.43896063781112515,0.4857743226021021
1131,exp_dep,20000.0,0.0001,1,0.43896063781112515,0.4964902911524142
1132,exp_dep,20000.0,0.0001,2,0.43896063781112515,0.4666216852955771
1133,exp_dep,20000.0,0.0001,3,0.43896063781112515,0.39010416995373104
1134,exp_dep,20000.0,0.0001,4,0.43896063781112515,0.35581272005180115
1135,exp_dep,20000.0,0.001,0,0.4396038520190415,0.45968181760563853
1136,exp_dep,20000.0,0.001,1,0.4396038520190415,0.43021437902295073
1137,exp_dep,20000.0,0.001,2,0.4396038520190415,0.40583305359255356
1138,exp_dep,20000.0,0.001,3,0.4396038520190415,0.48784115427694774
1139,exp_dep,20000.0,0.001,4,0.4396038520190415,0.41444885559711686
1140,exp_dep,20000.0,0.01,0,0.44847080375631504,0.3568616654880583
1141,exp_dep,20000.0,0.01,1,0.44847080375631504,0.6069301098631745
1142,exp_dep,20000.0,0.01,2,0.44847080375631504,0.43913398294837813
1143,exp_dep,20000.0,0.01,3,0.44847080375631504,0.500352225158318
1144,exp_dep,20000.0,0.01,4,0.44847080375631504,0.3390760353236462
1145,exp_dep,20000.0,0.1,0,0.48137746716680985,0.4523916850501616
1146,exp_dep,20000.0,0.1,1,0.48137746716680985,0.47247570711332115
1147,exp_dep,20000.0,0.1,2,0.48137746716680985,0.475932004537975
1148,exp_dep,20000.0,0.1,3,0.48137746716680985,0.36694229344564255
1149,exp_dep,20000.0,0.1,4,0.48137746716680985,0.6391456456869491
1150,exp_dep,20000.0,1.0,0,0.42253188614955606,0.3770780029884838
1151,exp_dep,20000.0,1.0,1,0.42253188614955606,0.4093536461352627
1152,exp_dep,20000.0,1.0,2,0.42253188614955606,0.4005605709522103
1153,exp_dep,20000.0,1.0,3,0.42253188614955606,0.4903270096176523
1154,exp_dep,20000.0,1.0,4,0.42253188614955606,0.43534020105417104
1155,exp_dep,20000.0,10.0,0,0.462997575918907,0.4634855669553542
1156,exp_dep,20000.0,10.0,1,0.462997575918907,0.4139516883223789
1157,exp_dep,20000.0,10.0,2,0.462997575918907,0.39237932694189376
1158,exp_dep,20000.0,10.0,3,0.462997575918907,0.49405849265945323
1159,exp_dep,20000.0,10.0,4,0.462997575918907,0.5511128047154551
1160,exp_dep,100000.0,1e-06,0,0.4354991222311842,0.3595337507018279
1161,exp_dep,100000.0,1e-06,1,0.4354991222311842,0.5011356416313076
1162,exp_dep,100000.0,1e-06,2,0.4354991222311842,0.4594893902698957
1163,exp_dep,100000.0,1e-06,3,0.4354991222311842,0.4507083828806031
1164,exp_dep,100000.0,1e-06,4,0.4354991222311842,0.40662844567228645
1165,exp_dep,100000.0,1e-05,0,0.47126028909568307,0.415038768635382
1166,exp_dep,100000.0,1e-05,1,0.47126028909568307,0.6159094495926711
1167,exp_dep,100000.0,1e-05,2,0.47126028909568307,0.43975609753320316
1168,exp_dep,100000.0,1e-05,3,0.47126028909568307,0.48518070318908507
1169,exp_dep,100000.0,1e-05,4,0.47126028909568307,0.4004164265280739
1170,exp_dep,100000.0,0.0001,0,0.40679884238090247,0.48574463292094744
1171,exp_dep,100000.0,0.0001,1,0.40679884238090247,0.4894491368953298
1172,exp_dep,100000.0,0.0001,2,0.40679884238090247,0.3017424831205327
1173,exp_dep,100000.0,0.0001,3,0.40679884238090247,0.3297308227905357
1174,exp_dep,100000.0,0.0001,4,0.40679884238090247,0.42732713617716667
1175,exp_dep,100000.0,0.001,0,0.42468962871987737,0.39460359663907446
1176,exp_dep,100000.0,0.001,1,0.42468962871987737,0.36042695252551743
1177,exp_dep,100000.0,0.001,2,0.42468962871987737,0.4822719041830241
1178,exp_dep,100000.0,0.001,3,0.42468962871987737,0.3998167456839487
1179,exp_dep,100000.0,0.001,4,0.42468962871987737,0.48632894456782216
1180,exp_dep,100000.0,0.01,0,0.42380323368718126,0.4460222466144208
1181,exp_dep,100000.0,0.01,1,0.42380323368718126,0.3106800437063836
1182,exp_dep,100000.0,0.01,2,0.42380323368718126,0.47521340335184453
1183,exp_dep,100000.0,0.01,3,0.42380323368718126,0.4076966787100149
1184,exp_dep,100000.0,0.01,4,0.42380323368718126,0.47940379605324224
1185,exp_dep,100000.0,0.1,0,0.4132888353457746,0.395622709252785
1186,exp_dep,100000.0,0.1,1,0.4132888353457746,0.4884309487316874
1187,exp_dep,100000.0,0.1,2,0.4132888353457746,0.4138858390072116
1188,exp_dep,100000.0,0.1,3,0.4132888353457746,0.5141335474694996
1189,exp_dep,100000.0,0.1,4,0.4132888353457746,0.2543711322676894
1190,exp_dep,100000.0,1.0,0,0.46518436216301795,0.45240786598372884
1191,exp_dep,100000.0,1.0,1,0.46518436216301795,0.42610801331904674
1192,exp_dep,100000.0,1.0,2,0.46518436216301795,0.46377696827861753
1193,exp_dep,100000.0,1.0,3,0.46518436216301795,0.6333338762711578
1194,exp_dep,100000.0,1.0,4,0.46518436216301795,0.3502950869625391
1195,exp_dep,100000.0,10.0,0,0.3756098067615335,0.3786572110187341
1196,exp_dep,100000.0,10.0,1,0.3756098067615335,0.37910837992889
1197,exp_dep,100000.0,10.0,2,0.3756098067615335,0.38716657769705565
1198,exp_dep,100000.0,10.0,3,0.3756098067615335,0.40772550295026616
1199,exp_dep,100000.0,10.0,4,0.3756098067615335,0.32539136221272136
