,iter,acc_pl,acc_prob
0,0,0.7970714737770753,0.5159215911179298
1,1,0.7163197592171496,0.5108253828560341
2,2,0.6569408631429414,0.5108603847784919
3,3,0.5998980780709653,0.505025651807828
4,4,0.5417555693201077,0.4954342354458703
5,5,0.48165428238571345,0.4953578582824254
6,6,0.4209109752877412,0.49557330998359966
7,7,0.36148319677990337,0.4943862639122257
8,8,0.3073301579161842,0.4964718621339977
9,9,0.25968526327729824,0.49381648176664095
10,10,0.21863444556306633,0.49321914746660245
11,11,0.1841525209226034,0.49388871936962586
12,12,0.1555445443409392,0.49167471315941436
13,13,0.1319455741509207,0.4932804943184629
14,14,0.11254170983309744,0.48794448321255884
15,15,0.09634860548118371,0.488467678723158
16,16,0.08304874854473354,0.48706295396433535
17,17,0.07202380457351051,0.49259329938762997
18,18,0.0627002698955361,0.4928153420046108
19,19,0.05503711644334417,0.4946005815472508
20,20,0.04848245227611741,0.4907543319126693
21,21,0.04305624155654085,0.49125190317231043
22,22,0.03824878899372427,0.49311728490010476
23,23,0.03421148953959138,0.49994943866718333
24,24,0.030671358795103663,0.5014046371746549
25,25,0.02758141232916906,0.497333148007901
26,26,0.025002495871075486,0.5002896435790666
27,27,0.02272163362687594,0.498941331950274
28,28,0.02066425830551151,0.4980286551151795
29,29,0.018884435762262956,0.49735987269511284
30,30,0.017315304491836474,0.494643078853288
31,31,0.015918970924589573,0.4910795588323291
32,32,0.014663292739837767,0.4906600818077131
33,33,0.013547358945317002,0.48632003736685375
34,34,0.012526551579923006,0.4835087338267666
35,35,0.011687531043914842,0.4763458305121558
36,36,0.010863432381999091,0.4658347175037368
37,37,0.010132249562307363,0.4619806962659198
38,38,0.009486556433460002,0.45176499093468586
39,39,0.00887614665996098,0.44981931005368275
40,40,0.008342368594996893,0.4449112856942199
41,41,0.00786246979108326,0.4437960792576149
42,42,0.007419778733364733,0.4442491538204428
43,43,0.006991641961889311,0.4378597251073672
44,44,0.006571674016424294,0.43706945511284007
45,45,0.006215492783657627,0.4331689040427541
46,46,0.005885906135199008,0.4283035704932054
47,47,0.005590931857874487,0.4277080432676739
48,48,0.0053373546555049375,0.4267398518550615
49,49,0.005089468451412046,0.4225781959674666
50,50,0.004848967983689373,0.4297253650477183
51,51,0.004655580322594346,0.42777274596266085
52,52,0.004478756691155917,0.4253905063030912
53,53,0.004300742440447579,0.4291755403630027
54,54,0.004117999703984608,0.4240003026936644
55,55,0.003956160586826697,0.420070746146068
56,56,0.0038205739365846534,0.41484080915688926
57,57,0.003633754742840519,0.409226870194085
58,58,0.0034746002505899394,0.4060046009386713
59,59,0.0033670664981928595,0.4049053732294155
60,60,0.0032468996456672767,0.40500929870047747
61,61,0.0031604780220979897,0.4015182998643799
62,62,0.0030480116851621265,0.39723542333794415
63,63,0.0029684417120422715,0.39731217429151056
64,64,0.0028942025322978974,0.3946562508447694
65,65,0.002814273687917063,0.3919341961609293
66,66,0.002742634844477822,0.3891533099820688
67,67,0.0026759844528871425,0.3921048564239554
68,68,0.002598138318174254,0.3875216936044408
69,69,0.0025145171293010846,0.38753574492634235
70,70,0.0024468837931094596,0.3851651707934765
71,71,0.0023934721069934417,0.3828563085812383
72,72,0.002325488373119654,0.3827279806459416
73,73,0.0022800988538799047,0.3805372222960753
74,74,0.0022056442505893614,0.3770546608035736
75,75,0.00217235477652663,0.3779873130465533
76,76,0.0021263191408865192,0.3773159816586395
77,77,0.002080996137250984,0.3760895500438368
78,78,0.0020279333330014177,0.36857754795840164
79,79,0.0019903791419135963,0.36674637551994815
80,80,0.0019510179822816215,0.3600627192446296
81,81,0.001912032635625908,0.3585684646670219
82,82,0.001889385784060478,0.35444000928878305
83,83,0.0018354099902771193,0.35412220348206264
84,84,0.001832932204715413,0.35053742109009156
85,85,0.0018008920359532312,0.34743242299195803
86,86,0.0017802725279339826,0.3418769418412144
87,87,0.0017563299990793562,0.34223076921341783
88,88,0.0017247482534934707,0.33911951787622824
89,89,0.0016930818209957132,0.3378285978923086
90,90,0.0016592137938763686,0.3343299155186806
91,91,0.001648644668411643,0.32877496294229186
92,92,0.001618356568468254,0.33102007263489047
93,93,0.0016041242241215234,0.33018565296482183
94,94,0.001597504473137324,0.325139533728803
95,95,0.0015700409458472254,0.32176625824351185
96,96,0.0015536870606433085,0.3194541289009648
97,97,0.0015264429939652344,0.31839196992130125
98,98,0.0014972710754504273,0.3176750444379257
99,99,0.0015013385136996276,0.31897672690034334
100,100,0.0014938062444754614,0.3169439697519725
101,101,0.0014890265574387489,0.3154182852235091
102,102,0.0014817041216033122,0.3108275238915283
103,103,0.001458266339013617,0.31140883729635477
104,104,0.001446761859050171,0.31168169977240096
105,105,0.0014343212838040904,0.31075869177814613
106,106,0.0014159886138329005,0.3052483789744397
107,107,0.0014016848097760915,0.3040728460254413
108,108,0.0013839509242586311,0.3005148419742811
109,109,0.0013702364438432646,0.2974513351362022
110,110,0.0013577777662763628,0.2964011362978371
111,111,0.0013269812562820692,0.29365589902013683
112,112,0.0013183901136151616,0.2900752431147629
113,113,0.0013242847407350863,0.2864819390713251
114,114,0.0013093930441246224,0.2816290157833129
115,115,0.0013014002069192286,0.2810650089164092
116,116,0.0013012918469425564,0.27845637857500033
117,117,0.00127449887090312,0.2763309538156233
118,118,0.0012933913900368983,0.27690329145155096
119,119,0.0012736638680491028,0.2760259766813394
120,120,0.0012680152189172473,0.27428494245805607
121,121,0.0012441698124578192,0.2732273808098819
122,122,0.0012325173962120153,0.26953209828095326
123,123,0.0012248657644992318,0.2690606754777784
124,124,0.0012283231353151292,0.26602964363171133
125,125,0.0012349596202143574,0.26206700221146845
126,126,0.0012276870710846313,0.2632291338858646
127,127,0.001215228763660251,0.26097579580858404
128,128,0.0012066806434692262,0.2604666460085986
129,129,0.0012086534355954923,0.26082274250943815
130,130,0.0012094690440979856,0.25753276221413146
131,131,0.0011982312726223597,0.2572937265463746
132,132,0.001187239445572413,0.253537251869723
133,133,0.0011822089442008407,0.2511687959168318
134,134,0.001178423434870289,0.24986720200504756
135,135,0.0011659866860422021,0.2495828259958715
136,136,0.0011660108062338263,0.24869997219133064
137,137,0.0011701956454288924,0.24492258885403584
138,138,0.00117301071127487,0.24401275024291283
139,139,0.0011779008643371075,0.24145026539759604
140,140,0.0011463346277453073,0.23637228865073115
141,141,0.0011588194253400886,0.23463205386144742
142,142,0.0011387782642945583,0.23096150791924655
143,143,0.0011274263643272697,0.22987756860229883
144,144,0.0011321007832309604,0.2284982084530308
145,145,0.001144605685648028,0.224850263905827
146,146,0.0011377265931043195,0.2215262333941538
147,147,0.0011417899115259502,0.21982588335659273
148,148,0.0011356203011163861,0.217027283162707
149,149,0.0011267688327655145,0.21550865050851203
150,150,0.0011254740092436451,0.2145713805565679
151,151,0.0011234822761525347,0.21202036027181248
152,152,0.0011205417547520704,0.21030726730743576
153,153,0.0011040829581251807,0.20606883669886358
154,154,0.0011147463428964218,0.20295978124385403
155,155,0.0011066559656950678,0.2009430425881282
156,156,0.001082742740757571,0.1988311714542787
157,157,0.0010743445521814825,0.19688545627973064
158,158,0.0010834914238426862,0.19564401107160723
159,159,0.0010916602370497847,0.19457838622958132
160,160,0.0010846454150394052,0.19122998889813378
161,161,0.0010772234086085367,0.18863367418378804
162,162,0.0010790803780697314,0.1872840941205086
163,163,0.0010754367502477512,0.1866911390850839
164,164,0.0010732642611442121,0.18547902098930566
165,165,0.00107493500316647,0.18632935104669177
166,166,0.0010741000418297837,0.1865283260631116
167,167,0.0010706997301001525,0.18614801395702196
168,168,0.0010605515056176398,0.18174573518958784
169,169,0.0010624489540475663,0.18161615771579614
170,170,0.001064447633263876,0.18085674078466576
171,171,0.001077516802206735,0.17736848593050922
172,172,0.00108352384788582,0.17448732611823953
173,173,0.0010923545280887602,0.17335869590309297
174,174,0.0010891510753595394,0.17171040337276097
175,175,0.0010892265900593692,0.16652172267157522
176,176,0.0010837553305986642,0.16579323605005525
177,177,0.0010905981675234215,0.16359814022019972
178,178,0.0010862018984875176,0.16319142704155506
179,179,0.0010945614476285544,0.16254065868022882
180,180,0.001091852066238147,0.16006576145159485
181,181,0.0010784962563687602,0.16051742960377344
182,182,0.0010715525968068456,0.15941620430859396
183,183,0.0010639051603521488,0.1553221856545952
184,184,0.0010613943201095316,0.15457928456567685
185,185,0.0010452233477114838,0.15487403906038336
186,186,0.0010421409520861447,0.15301396542057574
187,187,0.0010422257072210846,0.1524289447024076
188,188,0.0010449347464124006,0.15150785093573185
189,189,0.0010370327700759622,0.14981811906511713
190,190,0.0010363495619962765,0.14856613718569386
191,191,0.0010485497102390453,0.14587660310913436
192,192,0.0010529307080346484,0.14724031276720229
193,193,0.0010439200931076059,0.14749512618552588
194,194,0.001060875448515357,0.14802503628297556
195,195,0.0010434602998396455,0.1468231436154202
196,196,0.001034224293979571,0.1460553821061204
197,197,0.0010379973890250495,0.14479949684290075
198,198,0.0010625321479398615,0.14371948061193804
199,199,0.001063024552815812,0.14344374828311227
200,200,0.0010666837797125123,0.1434235238494224
201,201,0.0010752286127078913,0.14275861351541097
202,202,0.0010757013046612085,0.13956275672238713
203,203,0.0010690907017128414,0.1422647898420788
204,204,0.0010705862090390145,0.13888837718917355
205,205,0.0010466072467247073,0.13750232085776193
206,206,0.0010484495072280511,0.13786569681526065
207,207,0.00104617858965001,0.13461324544418857
208,208,0.0010317726712864644,0.13037268071279712
209,209,0.0010237891103548067,0.13050499364250656
210,210,0.0010356733379730462,0.13130762801380955
211,211,0.001038174891255283,0.12829148524677736
212,212,0.001039538186462925,0.1291079117018977
213,213,0.0010285912338035893,0.1259496030344489
214,214,0.0010233618934296746,0.1225596756515947
215,215,0.0010331763683182117,0.12264232409631932
216,216,0.0010138053630722769,0.12264882765976239
217,217,0.0010369043020458054,0.12157572725642447
218,218,0.00104756928524423,0.12161144261045391
219,219,0.0010448547887222878,0.11986418024036977
220,220,0.0010533290647282922,0.11747032513469208
221,221,0.0010400663323058591,0.1168293058870501
222,222,0.0010287867995939666,0.11314423270545895
223,223,0.0010318470889496179,0.1100575488121655
224,224,0.0010228508467898631,0.10791712792468194
225,225,0.0010288679962147805,0.10676058094197532
226,226,0.0010177056910122219,0.1065545388675272
227,227,0.0010111128183111955,0.10555821257793142
228,228,0.001008998729933727,0.10459242003705199
229,229,0.0010049659706801678,0.10504549170570496
230,230,0.001022529493753579,0.10474402526567247
231,231,0.0010171649106205795,0.10390227193017691
232,232,0.0010231289762858635,0.10278596559933278
233,233,0.0010113526047026838,0.1024867329633798
234,234,0.0010191957388470635,0.09976791834140009
235,235,0.0010173348037698419,0.09735873520772417
236,236,0.0010273720483411901,0.09642125775395334
237,237,0.001033837761781077,0.09680222965183256
238,238,0.0010304319518737318,0.09686047658716379
239,239,0.0010444854678721323,0.09509891960926316
240,240,0.0010491537753529873,0.09480293197907821
241,241,0.0010382985510031342,0.09355939966639647
242,242,0.001041503732434375,0.09304086854775218
243,243,0.0010319812373164527,0.09302934022130745
244,244,0.001025117474869793,0.09399384518509114
245,245,0.0010276692656184271,0.09132168452053425
246,246,0.0010264048556906877,0.09148969990774
247,247,0.0010062740873465746,0.08922239774359615
248,248,0.0010038502579533424,0.0892187653927339
249,249,0.0010098669145548439,0.08848415369302635
250,250,0.001011132382053841,0.08877617841371635
251,251,0.0010149246288438606,0.08673503057162033
252,252,0.0009969837763899108,0.0861518962592424
253,253,0.0009959738446027669,0.08663705654751691
254,254,0.0010000336671987886,0.08586695330895162
255,255,0.001016919145915236,0.08442893856732203
256,256,0.0010117340448395679,0.08398343011059622
257,257,0.0010091483154164099,0.08388202464014984
258,258,0.0010249869947801208,0.08351974597424412
259,259,0.0010163170379678902,0.08336599935949754
260,260,0.0010154751042923428,0.08315615814208661
261,261,0.0010140658486524317,0.08152727897410661
262,262,0.0010029730983037014,0.08052494766477754
263,263,0.0010176305859269984,0.07976361882553039
264,264,0.0010284299237171305,0.07854928792977284
265,265,0.0010183968071684505,0.07833108980041145
266,266,0.0009986680034020654,0.07814785256699919
267,267,0.0009990428938656112,0.07654244897980794
268,268,0.0009891659853450234,0.07584872270678746
269,269,0.0009879505144032674,0.07519021800954477
270,270,0.0009879493744913744,0.074915746717399
271,271,0.000996460479698698,0.07390542240279387
272,272,0.001001556971932659,0.07510294791250362
273,273,0.000996615877502727,0.07377359255409523
274,274,0.000988905577158892,0.0723809810574657
275,275,0.0009905304578443357,0.07032151620156107
276,276,0.000993852106467149,0.07140688738457776
277,277,0.0010252013871030652,0.0710899401953547
278,278,0.0010266244021055017,0.07276768670688118
279,279,0.0010244220114073123,0.07117862335985102
280,280,0.0010214697750465923,0.07125943652208673
281,281,0.0010300829409618374,0.07119871924006596
282,282,0.0010192489151616016,0.07059775894065358
283,283,0.0010244753480999082,0.06884848086270941
284,284,0.0010235443420563823,0.06868714524737542
285,285,0.0010224648525436926,0.06716896276047497
286,286,0.0010236217025394521,0.06552223678242895
287,287,0.0010374066699249665,0.06441805573286187
288,288,0.0010253364148254394,0.06321485061840634
289,289,0.0010240447792237636,0.06554366936551015
290,290,0.0010254095856513667,0.06370194751873073
291,291,0.0010185622262746158,0.06335816188808469
292,292,0.001024186345963157,0.06285599450828852
293,293,0.001022011563830652,0.06295038325454735
294,294,0.0010268943627871855,0.06440339184007661
295,295,0.0010364126926225336,0.06330250771692188
296,296,0.001017827695178378,0.06340064407882527
297,297,0.0010274258513998848,0.06286299683945594
298,298,0.0010324212360228735,0.06220843149827596
299,299,0.0010342542262258927,0.06226400323935155
300,300,0.0010288357794017847,0.061180407756231917
301,301,0.0010382621828754816,0.06120450306094002
302,302,0.0010241866841915587,0.060830861273161174
303,303,0.0010250841760374517,0.059636622990951335
304,304,0.0010311346353850436,0.059318221751839324
305,305,0.0010239301148478872,0.059028374329114494
306,306,0.001027961513644956,0.058526143996177664
307,307,0.0010488208911132169,0.05901086723482963
308,308,0.0010494535577588253,0.059077266188290324
309,309,0.0010512495152602411,0.0580731707108329
310,310,0.0010266085483210904,0.057480911753478574
311,311,0.0010176079401650147,0.05750476450338998
312,312,0.0010151391058039543,0.057645814341339516
313,313,0.0010094023932554863,0.057618147857931006
314,314,0.0010251813557896605,0.05796765053324354
315,315,0.0010316416863854134,0.05672542989808906
316,316,0.0010346857830547521,0.05663782686047578
317,317,0.0010302596451653328,0.05675936677783154
318,318,0.0010241135043736538,0.05763555590356575
319,319,0.0010245942075347092,0.057653732690772216
320,320,0.0010058313569055169,0.0570706071784073
321,321,0.0010005793891018453,0.05895127200364515
322,322,0.0009906890830191583,0.058613024060358176
323,323,0.0010157802438571042,0.05844366041002807
324,324,0.0010264118363391963,0.05744622748813582
325,325,0.0010257756408782227,0.05635902284704752
326,326,0.0010296238792298817,0.05587978446656565
327,327,0.0010251627640210554,0.05468269236710258
328,328,0.0010125057837245864,0.05349387248269153
329,329,0.0010104206594369219,0.05454165376889002
330,330,0.0010117848810870407,0.054036330984815
331,331,0.0010074471583215172,0.051777764386154904
332,332,0.0010028004791810309,0.04928764968427177
333,333,0.000992768554386187,0.04831198336918351
334,334,0.0009892936423235824,0.04875876867259391
335,335,0.0009811333576210876,0.048265070695282034
336,336,0.0009819837444872096,0.046910397460453994
337,337,0.0010018468833431957,0.04640254866335946
338,338,0.0010167938554147625,0.04667219580667827
339,339,0.001015974685036968,0.04663264629521203
340,340,0.0010019358849144677,0.04629422677446785
341,341,0.0010005023492723518,0.045172282557139294
342,342,0.000994632377274791,0.04408638089867385
343,343,0.001000748425434162,0.0433427321791773
344,344,0.001000246378117723,0.04319048354522539
345,345,0.0009999298786978865,0.043086887016968556
346,346,0.0010185912728926725,0.04290120832043833
347,347,0.0010127959358542233,0.04289507668690068
348,348,0.0010077946897981927,0.04222153762583883
349,349,0.000998852948888225,0.04224762081441344
350,350,0.0010086214579331917,0.04119509683687005
351,351,0.0010206990966631444,0.04173750695279676
352,352,0.0010387754589257644,0.04131701099449206
353,353,0.0010335632667679904,0.04147841985493961
354,354,0.0010224010046844558,0.04186681765957012
355,355,0.0009975348808747384,0.042530117743807015
356,356,0.0010101892279465014,0.04276843637046436
357,357,0.0009994140971079806,0.04270958055368044
358,358,0.0010036582930633162,0.0421124776440319
359,359,0.0009910861818092022,0.04140580935867001
360,360,0.0009855660719447635,0.042292166507938725
361,361,0.0009838561127767985,0.04165284727874145
362,362,0.0010004044409006366,0.0414503859153798
363,363,0.0009993516506262834,0.0414384965245039
364,364,0.0010061927284432703,0.0419911658138737
365,365,0.0009911962832293208,0.04207518497732155
366,366,0.0010035717145168723,0.04158513801162738
367,367,0.0010051488538328267,0.04138907437251215
368,368,0.0010071741609488413,0.04126080433153829
369,369,0.0010133559681116426,0.041625064898546685
370,370,0.001005427813058357,0.04101279472278897
371,371,0.000998248742379033,0.04056134283749459
372,372,0.0010000956352517732,0.04042814585187094
373,373,0.000992690023100795,0.04065971659748224
374,374,0.000987695451722415,0.0402173638990757
375,375,0.0009860234373260525,0.04005987928804767
376,376,0.0009655675338926216,0.039340353925607224
377,377,0.0009678384293167591,0.039841139869306506
378,378,0.0009539204679372894,0.03953774764166389
379,379,0.0009538363797535298,0.03866414322101938
380,380,0.0009471457703625738,0.03833859136693427
381,381,0.0009637136216963628,0.03739695430175893
382,382,0.0009720220562160993,0.036992129507106467
383,383,0.0009701194790324694,0.037154602799784255
384,384,0.0009857448289865125,0.03690635677913437
385,385,0.0009778255873211972,0.03690622008538372
386,386,0.0009737263743547188,0.037198816942353066
387,387,0.0009685119240810136,0.037098823808789205
388,388,0.0009667650386573992,0.03633155663162245
389,389,0.0009642036417088449,0.03528350895581245
390,390,0.0009499533502382847,0.03412920223293989
391,391,0.0009428297490108478,0.033918133386829384
392,392,0.0009481609427349173,0.03281307022284395
393,393,0.0009428426719161594,0.0327692907977799
394,394,0.000929960550708098,0.03276961033236851
395,395,0.0009326771575522901,0.03219149387312734
396,396,0.0009285322664217641,0.030963731958934468
397,397,0.0009519555610218379,0.030676955743360334
398,398,0.0009427409115080634,0.030676537349539845
399,399,0.0009470276139202526,0.03051403875786821
400,400,0.0009598143385992809,0.030838010818302904
401,401,0.0009647161814044208,0.030054461996594953
402,402,0.0009591466564650746,0.030025194368500107
403,403,0.0009683368029271941,0.029598698068338876
404,404,0.000969877664028979,0.029428897521129153
405,405,0.0009684309234438513,0.029339253817365206
406,406,0.0009660136378128486,0.029198249499056948
407,407,0.0009811248975118635,0.02892037370057347
408,408,0.0009716221117742463,0.028678297502769658
409,409,0.0009697709435017841,0.028448060192506786
410,410,0.0009670367216163188,0.028217603226185103
411,411,0.0009651965926519034,0.02798610961896599
412,412,0.0009747159655688828,0.027813720656778878
413,413,0.0009725571112473385,0.027641078409865048
414,414,0.00097879251175709,0.027592491212261826
415,415,0.0009826621844840997,0.027476246368900246
416,416,0.0009825026941893825,0.02743275697582652
417,417,0.0009665877089274152,0.02738210509484183
418,418,0.0009627244353377,0.027294603553674288
419,419,0.0009696727057614265,0.027130369092241938
420,420,0.0009647312574909164,0.026977154462837296
421,421,0.0009545278585671228,0.026808065773945025
422,422,0.0009611647297470305,0.02669886641788205
423,423,0.0009531486928108821,0.02658266682304361
424,424,0.0009535311215025473,0.02647212411484491
425,425,0.0009302461108849884,0.026370641604696522
426,426,0.0009368446222979444,0.0262316049928362
427,427,0.0009364159975984814,0.026083122648626524
428,428,0.0009458735584758774,0.02593624497596441
429,429,0.0009398491466244614,0.025802154886233178
430,430,0.0009393216650759258,0.02565698312900285
431,431,0.0009368749531040785,0.025466073377096717
432,432,0.0009224594561860057,0.02527533774952587
433,433,0.0009188718963493939,0.02509578815631134
434,434,0.0009145918816888876,0.024931702706610343
435,435,0.00090471682802391,0.02474725617585257
436,436,0.0009029045405257563,0.024584996475082884
437,437,0.0009021148113684744,0.024436555923033842
438,438,0.000904355433160261,0.02429611354546792
439,439,0.0009125263399723384,0.024127373030634183
440,440,0.0009146179416825485,0.02400870212988109
441,441,0.0008994583335852247,0.02387050107253359
442,442,0.0009093587508943301,0.023731636248503774
443,443,0.0009123341137700986,0.02360210456740668
444,444,0.0009229496755173316,0.023483194559175625
445,445,0.0009086415615159978,0.02338322678892018
446,446,0.0008984067195868241,0.023290742347554697
447,447,0.0009081743014199481,0.0232056594298248
448,448,0.0009118129318420489,0.023123446749768687
449,449,0.0009124634711966162,0.023047518098479387
450,450,0.0009183384132726208,0.022981611617659856
451,451,0.0009199558478359414,0.022920839135489424
452,452,0.0009252361619810498,0.022864456868820045
453,453,0.0009261006539509505,0.0227932756918248
454,454,0.0009248540863182458,0.022723170729490587
455,455,0.0009196575860409119,0.022647945668809587
456,456,0.0009225827724684228,0.02257747105302585
457,457,0.0009245772816196772,0.022510407164695708
458,458,0.0009248590923211723,0.02244565468542382
459,459,0.000926666810669592,0.02238638430170572
460,460,0.0009299407855581872,0.022313686523376165
461,461,0.0009430016458154067,0.022243855013859053
462,462,0.0009348688587687762,0.022165785155955426
463,463,0.0009269884208949967,0.022062103356315
464,464,0.0009148049404877906,0.021960134780546866
465,465,0.0009171079884514889,0.02186422173215124
466,466,0.0009242231265334247,0.02177615724994891
467,467,0.0009405827783663926,0.021696803883187697
468,468,0.0009504088182918067,0.021629574152231518
469,469,0.000956937519204787,0.02156316656147671
470,470,0.000965787271482451,0.02149379899612971
471,471,0.0009572808337327785,0.021428235214461588
472,472,0.0009573064470430331,0.02136301131776948
473,473,0.0009629560476852818,0.021275067394327787
474,474,0.0009663238541564428,0.021187654517519718
475,475,0.0009619950888492045,0.02110940448708373
476,476,0.0009436537031004617,0.021037545638287695
477,477,0.0009433825381360913,0.020971513168864243
478,478,0.0009362736589354286,0.020896325216637618
479,479,0.0009397296871165091,0.020824477387854708
480,480,0.0009380168719675896,0.02075423593378767
481,481,0.0009292033964167509,0.020691344844075824
482,482,0.0009451826939560419,0.02063109187171134
483,483,0.0009495291374646635,0.020577197741702444
484,484,0.0009520512122311871,0.020525524207631273
485,485,0.000947684134204171,0.020478422489305006
486,486,0.000943533675927273,0.020434368825193144
487,487,0.0009471723167707339,0.020387895771731755
488,488,0.000937855213022482,0.02035551662260911
489,489,0.0009326052198820554,0.02032199489754405
490,490,0.0009179230231327306,0.0202887799897653
491,491,0.0009254302301049312,0.02025487509714876
492,492,0.0009220795301629818,0.02021569234346391
493,493,0.0009206006690954364,0.020180524350817068
494,494,0.0009268829153833179,0.020152923097729245
495,495,0.0009310123582399584,0.020127832633768286
496,496,0.0009168871968831612,0.02010259474523038
497,497,0.0009160201146952065,0.02005951580363894
498,498,0.0009187316646561409,0.020008439626592815
499,499,0.0009240280425999683,0.019960987178132262
500,500,0.0009180770565084331,0.019915004375234805
501,501,0.0009389527120731658,0.019871717549040796
502,502,0.0009370879038959757,0.019822942973655697
503,503,0.0009377137842031924,0.019779095338114307
504,504,0.0009396525665663441,0.019734426763438312
505,505,0.0009388337452002883,0.019684883000383867
506,506,0.0009519030720623225,0.01963087638174569
507,507,0.0009639230620080365,0.019578515404271923
508,508,0.0009642890214494256,0.0195284620355996
509,509,0.0009653340485949818,0.01948200285779415
510,510,0.0009520099682315904,0.019437684039489728
511,511,0.0009540808931038602,0.019391664951192298
512,512,0.0009558831450531366,0.019347890388215248
513,513,0.0009551405341941991,0.019299854695254005
514,514,0.0009571582299640509,0.019249097658285946
515,515,0.0009663569838268746,0.019201154013125787
516,516,0.000961117958893641,0.019154278125147146
517,517,0.0009756173257759429,0.01910846986035688
518,518,0.0009670866381363084,0.019063343014260863
519,519,0.0009617505911256605,0.019020024644652557
520,520,0.0009604051007974971,0.01897712906582167
521,521,0.0009713031305147192,0.01893790886140448
522,522,0.000970128995320408,0.018902146516157937
523,523,0.000969464494488773,0.018867847583417034
524,524,0.000969809960543641,0.01883460159759083
525,525,0.0009699760749632284,0.018799143536652813
526,526,0.0009671341792934114,0.018760701040933785
527,527,0.0009713438387007688,0.018725720764509488
528,528,0.0009741578044216701,0.018689252978880414
529,529,0.0009751005121271764,0.018645881768582194
530,530,0.0009726999557341126,0.01860413225373553
531,531,0.0009800307466113838,0.018564248085918646
532,532,0.0009875025546147195,0.018526450498661536
533,533,0.000997026996202421,0.018491020434576937
534,534,0.00098501885574449,0.018443694319933413
535,535,0.0009784270553830753,0.01839483125744458
536,536,0.0009711433206055152,0.018344997711469645
537,537,0.0009681648915513707,0.01829539389176044
538,538,0.0009858931519743687,0.01824605991950491
539,539,0.0009813578864265775,0.018198400378459347
540,540,0.0009815049631227127,0.018152281889283573
541,541,0.0009776324137240292,0.018099051173248015
542,542,0.000990130958601191,0.018048979219028195
543,543,0.000994243838991361,0.017997883424086557
544,544,0.0009686667411196374,0.017948951961799624
545,545,0.0009549266656034979,0.017897716003601
546,546,0.0009413083569299755,0.01784405314786804
547,547,0.0009367215836748994,0.01779272778030258
548,548,0.0009459672399154946,0.01774055842258598
549,549,0.0009465860347994024,0.017685582065228574
550,550,0.0009546598834174806,0.017632115607112052
551,551,0.000958430924005961,0.017575365597636085
552,552,0.0009578394956590057,0.017521025954245553
553,553,0.0009534735822852048,0.017467114921681712
554,554,0.0009607371180138083,0.01741474216459652
555,555,0.00095599908118873,0.01736262402571731
556,556,0.0009561189650562908,0.017308859231399756
557,557,0.0009635758700957697,0.017258398088065962
558,558,0.000968285031444086,0.01720929932783646
559,559,0.0009673251633232731,0.017161546284730576
560,560,0.0009582187460790274,0.017110112995898583
561,561,0.0009593776832776869,0.017060017668566827
562,562,0.0009567078999760324,0.017011286436833854
563,563,0.0009673494394101461,0.016963256842252125
564,564,0.0009581353397033094,0.01692148344712272
565,565,0.000940774071213474,0.016880916708753278
566,566,0.0009312341286703009,0.016842596803437925
567,567,0.0009267781678839496,0.01680270631394229
568,568,0.000942564307909846,0.016762369198636922
569,569,0.0009495304264049367,0.016718126357861067
570,570,0.0009392973789346272,0.016672777803310633
571,571,0.0009503603471439144,0.016628560003906168
572,572,0.000942360223465764,0.016580239905975975
573,573,0.0009403678706426652,0.016533207481566437
574,574,0.0009305181312138965,0.01648163857310061
575,575,0.000941264114657852,0.016424240188383583
576,576,0.0009381444089592519,0.01636824264856659
577,577,0.0009381100443623387,0.0163157625209521
578,578,0.0009322297246620576,0.01626455946849489
579,579,0.000924817273795429,0.01621522684105713
580,580,0.000929108396160527,0.016169455348441525
581,581,0.0009341222404024281,0.016123428183231894
582,582,0.0009340655978289065,0.016075118924432537
583,583,0.0009221795578077189,0.01602687031885166
584,584,0.0009286027851661689,0.015979772452243222
585,585,0.0009428386646874025,0.01593157079660228
586,586,0.0009324862369237076,0.015883505140824428
587,587,0.0009203884250074021,0.01583509623807362
588,588,0.0009035658310508784,0.015786759155552697
589,589,0.0009051407579310479,0.01574324469304892
590,590,0.0009110178647593032,0.015696050616196156
591,591,0.0009256953321670167,0.01564931872361221
592,592,0.0009364950325289142,0.015603580778965018
593,593,0.0009382102030447086,0.015564168349851004
594,594,0.0009350112370501422,0.015525923284146991
595,595,0.0009451149818288933,0.015487732450902436
596,596,0.0009475602133295956,0.01544813286344794
597,597,0.0009383134259265586,0.01540939567627652
598,598,0.0009449413680702099,0.015371511616958296
599,599,0.0009378112034844705,0.015336678830956556
600,600,0.0009440324643576709,0.015300610178976016
601,601,0.0009293288441851085,0.015262244333564108
602,602,0.0009178175842484094,0.015226726993110581
603,603,0.0009246367061444801,0.015189076635654138
604,604,0.0009391416018737214,0.015154625931210966
605,605,0.0009362383130954458,0.015121312754797049
606,606,0.0009388346125646066,0.015088592857022026
607,607,0.0009524036788941787,0.015059309476142766
608,608,0.0009324279646801614,0.015032192990139342
609,609,0.0009182475572158365,0.015004694980790392
610,610,0.0009190086317612647,0.014979828440199155
611,611,0.0009282092463589155,0.01495350816784402
612,612,0.0009278003244826088,0.014927538458320674
613,613,0.0009439136974216488,0.014904584861737574
614,614,0.0009613269322914613,0.014882895105023723
615,615,0.0009469534397260464,0.01486272079068917
616,616,0.0009567049656614305,0.014842011214938142
617,617,0.0009504901449999884,0.014821441873065548
618,618,0.0009457798147503645,0.01480202837939611
619,619,0.0009629422596273035,0.014783829157424417
620,620,0.0009733596668868507,0.014766185348953674
621,621,0.0009756457522832861,0.014749243593098219
622,622,0.0009784278834686995,0.014732997121323648
623,623,0.0009734246777812781,0.014717050015401141
624,624,0.0009759064674234133,0.014699805021953
625,625,0.0009855058145280518,0.014682984473928955
626,626,0.0009906296708240274,0.014665982913206456
627,627,0.0009869094742044817,0.014649957490221296
628,628,0.0009936022837171185,0.014633019820339042
629,629,0.0009808399709592863,0.014616757070820267
630,630,0.0009893029627768813,0.014597976658870174
631,631,0.0009847374246578463,0.014579640262988799
632,632,0.0009939302277064382,0.014560935241056514
633,633,0.001000544527867034,0.01454291988833394
634,634,0.0009818047482904823,0.01452558492136011
635,635,0.0009760155066541151,0.014508894178554776
636,636,0.0009760187518540009,0.01449275113089777
637,637,0.0009611529294051648,0.014477280950207963
638,638,0.0009647367997421774,0.014461975681836079
639,639,0.0009625065563554503,0.01444174228616893
640,640,0.000968540944481648,0.014421930810873862
641,641,0.0009647220837458395,0.014402773261878636
642,642,0.0009573950724310588,0.014384007243283845
643,643,0.0009629366667410714,0.014365773136929853
644,644,0.0009661497291109447,0.014340536667523988
645,645,0.0009689076089156943,0.014315916012503071
646,646,0.0009774374791039545,0.014287907560331645
647,647,0.0009695286478294668,0.014258798966670644
648,648,0.0009741139184734641,0.014230303720029182
649,649,0.0009680168203801827,0.014202369255730493
650,650,0.0009850349192207486,0.014174987817559341
651,651,0.0009688619152154862,0.014145539690874858
652,652,0.0009682340462493388,0.014117653740310142
653,653,0.0009700167705655535,0.014089647134924171
654,654,0.0009668503404002811,0.014062175558094353
655,655,0.0009685562230392473,0.014035066697491088
656,656,0.0009635619877913219,0.014008102098114102
657,657,0.0009671948424222463,0.013980101714921464
658,658,0.0009648380668664567,0.013952620680551
659,659,0.0009625403490206123,0.01392589826705039
660,660,0.0009512418094880466,0.013896673185678905
661,661,0.000944042359249777,0.013861695076244816
662,662,0.0009289698062075734,0.013826238520663168
663,663,0.0009247710727164939,0.013791386133655608
664,664,0.0009333306366381011,0.013757247379886864
665,665,0.0009522546944241356,0.01372355766003113
666,666,0.0009414641019390115,0.013690132656272933
667,667,0.0009563962662050294,0.013655711902773001
668,668,0.0009629942480384461,0.01362188011389715
669,669,0.0009762161827920415,0.013588638201703676
670,670,0.0009732960824089406,0.013554699453562507
671,671,0.0009688293288106172,0.013521307556844503
672,672,0.0009627785107816777,0.01348847067830447
673,673,0.0009570773529738204,0.013456440668309767
674,674,0.0009559998570790916,0.01342492787295134
675,675,0.0009634658512578295,0.013394785964970896
676,676,0.0009489628701583256,0.013365158393228244
677,677,0.0009314941149863588,0.013336021020286462
678,678,0.0009407977736437594,0.01330922919348552
679,679,0.0009405389155608618,0.013283071483321607
680,680,0.0009444320156097297,0.01325735888887466
681,681,0.0009565808355814073,0.013232115605436582
682,682,0.0009639840256320002,0.013199539029086724
683,683,0.0009669265595799967,0.013167438800948825
684,684,0.0009595284800578008,0.013135938484568288
685,685,0.0009637859334869722,0.013104044083362996
686,686,0.0009693240181161939,0.013068752644178333
687,687,0.000977924611769323,0.013033900608163307
688,688,0.0009783202378309645,0.012999564481477462
689,689,0.0009769333760119982,0.012965271242168043
690,690,0.0009657511911974822,0.01293101842897521
691,691,0.0009803918513575437,0.0128972390944198
692,692,0.0009700966612988467,0.012863152438192013
693,693,0.0009743699703241663,0.012829568633015034
694,694,0.000976096975065265,0.012795746863797584
695,695,0.0009941538979169155,0.012762992652840885
696,696,0.0009916533193734382,0.012730551135009007
697,697,0.0009825667338807652,0.012698596911217584
698,698,0.0009756833256751725,0.012667193447823435
699,699,0.0009783022424950758,0.012637012640658604
700,700,0.0009939636299606625,0.01260729182633287
701,701,0.0010029873428109356,0.01257773672308448
702,702,0.00099298887526528,0.01254862583417028
703,703,0.0009969536698628248,0.012519823834404819
704,704,0.0009976461419907011,0.012490811865238224
705,705,0.001012418219852418,0.012462240159972172
706,706,0.0010016818743317048,0.012433568416282792
707,707,0.00100983357292215,0.012406806236213864
708,708,0.0009977567112776562,0.012382334855074353
709,709,0.000994059744867122,0.01235786916404759
710,710,0.0009892924986579952,0.012333528961195776
711,711,0.0010029228504227826,0.012310420821713814
712,712,0.0010105653480407544,0.012287683203335573
713,713,0.0010110297971981483,0.012264756648073378
714,714,0.001007507099153319,0.012241140780125058
715,715,0.0010091486737076733,0.01221789298432779
716,716,0.0010086719486108767,0.012194974445479892
717,717,0.0010129898612560783,0.012172417296029359
718,718,0.0010137233623661453,0.012150217850873626
719,719,0.0009904910911401445,0.012128649547901235
720,720,0.0010076951723659775,0.012106707185319105
721,721,0.000994889148821545,0.012085099576541226
722,722,0.0010179605204771365,0.01206380662184224
723,723,0.0010058991323202997,0.012042813846793912
724,724,0.001013501896946265,0.012022152962444996
725,725,0.0009977090989160436,0.012001795433356275
726,726,0.0009694861186480554,0.011981349208980438
727,727,0.0009502490069769042,0.011960537973645732
728,728,0.0009521243942688786,0.011939313991442203
729,729,0.0009513011392589737,0.011918933217638905
730,730,0.0009579451663457962,0.011895262036333275
731,731,0.0009464956942473766,0.011871896947245794
732,732,0.0009396007618819255,0.011849900492000397
733,733,0.0009461335091161398,0.011827275114602463
734,734,0.0009501609480087714,0.011804970210633831
735,735,0.000955891548640492,0.011782972952797573
736,736,0.000949436907966814,0.011760898523759007
737,737,0.0009460122780861883,0.011739146762034988
738,738,0.0009386556766830054,0.011718514403582103
739,739,0.0009279870434998908,0.011699092731238429
740,740,0.0009238280033454386,0.011679811399192632
741,741,0.0009280974337595128,0.011660054019434691
742,742,0.0009310104782616055,0.011641024266372983
743,743,0.000931210775549061,0.011622443592169377
744,744,0.0009234051125183031,0.011604128223798594
745,745,0.0009305229521820956,0.011585639082287567
746,746,0.0009195636751326021,0.011567422365134434
747,747,0.000930586682598114,0.011549469223025835
748,748,0.0009413176668116722,0.011531269500912196
749,749,0.0009319233374051565,0.011512383222032511
750,750,0.0009439421423046017,0.0114945896453378
751,751,0.0009311466283756313,0.011476465389269433
752,752,0.0009475007122983174,0.011458020764566557
753,753,0.0009488288850050705,0.011439093427569835
754,754,0.0009639250216318639,0.011419677869026748
755,755,0.0009681413557461074,0.011399145084553093
756,756,0.0009655823122593293,0.011379104151046522
757,757,0.0009765162323604906,0.0113593414881694
758,758,0.0009755362363560507,0.011339489509017241
759,759,0.0009635302522899928,0.011319769054540154
760,760,0.0009605571545178464,0.011300307942676053
761,761,0.0009779330062855299,0.01128214285686737
762,762,0.0009801397492486103,0.011263492718335235
763,763,0.0009684123733995037,0.011245343070002852
764,764,0.0009703232208543831,0.01122744419713033
765,765,0.0009688001547149559,0.011209352552418764
766,766,0.0009614376196893978,0.011191500683690344
767,767,0.0009608358173602866,0.011175479778314476
768,768,0.0009620760712357375,0.011159811910733449
769,769,0.0009706439983108137,0.011146032149518214
770,770,0.0009718989400316099,0.011132461593919953
771,771,0.0009737560052080468,0.011118517726352558
772,772,0.000974915120203368,0.011104405023582743
773,773,0.0009866040422513345,0.011089938270953644
774,774,0.0009708560865598789,0.01107597047970971
775,775,0.0009740312785253138,0.011060311700482073
776,776,0.00096248639275609,0.011045824846132942
777,777,0.0009823267029547926,0.011031746117872686
778,778,0.0009989303742213788,0.01101830363963928
779,779,0.0010048933211450322,0.011004806582634521
780,780,0.0009904780093047186,0.010991441224249119
781,781,0.00098929526586948,0.010977569299607914
782,782,0.0009824801234881609,0.01096410552539748
783,783,0.0009798400214905269,0.010950804036799404
784,784,0.000989299146573821,0.010937677320588727
785,785,0.0009907394411870064,0.010924230702527947
786,786,0.0009796414575739976,0.010912262056547453
787,787,0.0009896441175562423,0.010900462634510994
788,788,0.0009853686753265427,0.010889116403213016
789,789,0.000994311666382395,0.010877920313841806
790,790,0.000985428752104051,0.010866724460985019
791,791,0.000967851025862006,0.010854163418406232
792,792,0.0009695986673645134,0.010841753802581958
793,793,0.0009737449441928819,0.010830127144128086
794,794,0.000977776945267155,0.010820000296388833
795,795,0.0009849687721429023,0.010808879300937324
796,796,0.0009806200721150192,0.010796450231054444
797,797,0.0009960267628575058,0.010781106057940226
798,798,0.000989963776911686,0.010766599729816239
799,799,0.0009827648527245304,0.010752275367438736
800,800,0.0009694035712880616,0.010737924341818247
801,801,0.0009705758769110561,0.010723406603451446
802,802,0.0009804316959199125,0.010709200426633519
803,803,0.0009931268043775249,0.010695658328142423
804,804,0.0010014529302400884,0.010682294064788801
805,805,0.0010010019858649362,0.010669055805959447
806,806,0.0010090232982191295,0.010655355057746889
807,807,0.0010093908432359106,0.010641779658371235
808,808,0.0010049027873210215,0.010627999228426173
809,809,0.000990008480322076,0.010614753434410804
810,810,0.000984221724078608,0.01060165865070531
811,811,0.0009763180785205083,0.010588847646585776
812,812,0.0009718739391175683,0.010575780829959606
813,813,0.000977053433218815,0.010562864128341195
814,814,0.0009924762173743997,0.010550098267226535
815,815,0.000998745474249005,0.010537364633469251
816,816,0.0009948543222553135,0.01052472140833964
817,817,0.0010003608309384299,0.01051135140538856
818,818,0.000992674682409838,0.0104974919896161
819,819,0.0009876492215836127,0.010483093032867406
820,820,0.0009786079459233083,0.01046915055636498
821,821,0.0009779056677922207,0.010454959378915421
822,822,0.0009764739145437986,0.010440074487480243
823,823,0.0009838919323109756,0.010425473847870867
824,824,0.0009765041620839552,0.01041104497594621
825,825,0.000957394993739469,0.010396351603262978
826,826,0.000958799976917684,0.010381832360500715
827,827,0.0009463050488354109,0.010367480405371167
828,828,0.0009523149226496622,0.010353048360299478
829,829,0.0009638543005089145,0.01033895719309155
830,830,0.0009673967207051587,0.01032447826028967
831,831,0.0009714179219800436,0.010310994235182988
832,832,0.0009583586126521989,0.010297779408858088
833,833,0.0009535086980350118,0.010284005407492627
834,834,0.0009562724250041677,0.01027076669438705
835,835,0.0009388439665966978,0.010257782471853126
836,836,0.000949461534614814,0.010244862504064003
837,837,0.0009559488400726047,0.010232606061838675
838,838,0.0009479681404036657,0.01022076242425258
839,839,0.0009474089226068044,0.010209052072574476
840,840,0.0009454471339686094,0.010196827330426393
841,841,0.0009508766510536024,0.01018531307910134
842,842,0.0009567556791691734,0.010173939842293781
843,843,0.0009593021188040397,0.010162724500741368
844,844,0.0009609671153028567,0.010148314046139724
845,845,0.0009645014608947685,0.010133863159695809
846,846,0.000958880072041954,0.010119565474948772
847,847,0.000957281882714852,0.010105066581528595
848,848,0.0009565758892365293,0.010090430923341883
849,849,0.0009454765470945338,0.010075683054278344
850,850,0.0009447960602161963,0.010061063302509485
851,851,0.000934501702718273,0.01004660670438588
852,852,0.0009418168433476158,0.010031561995563444
853,853,0.0009528622026340187,0.010016605928383675
854,854,0.0009581321951302533,0.010001348573228836
855,855,0.0009598662394179904,0.009986929958920521
856,856,0.0009571288083199839,0.00997350977814739
857,857,0.0009556152740007977,0.009960235055684786
858,858,0.0009459277208349482,0.009946778215447052
859,859,0.0009604015817204245,0.009933996334175377
860,860,0.00097707885386927,0.009920101285772124
861,861,0.0009838677726067588,0.009906399752357969
862,862,0.0009933668569124434,0.009892820983456691
863,863,0.0009888100430304168,0.00987941138600914
864,864,0.0009867199631850183,0.009866241321684632
865,865,0.0009869640079384406,0.009853396953766263
866,866,0.000980418261814891,0.009839587030725334
867,867,0.0009756172556103625,0.009826181364059994
868,868,0.0009788647754177897,0.009812949860397735
869,869,0.0009870162346938497,0.009799841675484623
870,870,0.0009909105144000475,0.009787669955826318
871,871,0.0009852411545985939,0.009775017197570708
872,872,0.0009770408799925033,0.009762347870934478
873,873,0.0009569977125504712,0.009750656682157091
874,874,0.0009619508589593899,0.009738622684154997
875,875,0.0009545391492907978,0.009727205696147177
876,876,0.0009591221827561072,0.00971580036243512
877,877,0.0009531829681077086,0.009704370227193174
878,878,0.000939992510749916,0.009693066579898088
879,879,0.0009262433414372927,0.009681900287053536
880,880,0.0009377845396987993,0.009670865294235075
881,881,0.0009507959102110574,0.009659731236187765
882,882,0.00093514222265183,0.009649227660535126
883,883,0.0009360217888550883,0.009638392027015356
884,884,0.0009426822914725903,0.009627768873174656
885,885,0.0009422328271514041,0.009617272265989327
886,886,0.0009702861642353496,0.009607124958703101
887,887,0.0009638110392074082,0.009597101183394907
888,888,0.0009581833127433538,0.009587174385074896
889,889,0.0009726419746847725,0.00957735504614738
890,890,0.0009673509694438757,0.009567830714950949
891,891,0.0009800264418309166,0.009558330684643472
892,892,0.0009813670322674018,0.00954906527794544
893,893,0.0009817597330235364,0.009539432347338896
894,894,0.0009797234356254236,0.009529820727406662
895,895,0.0009809961670127132,0.009520325098868533
896,896,0.000988550335965359,0.009511278122168667
897,897,0.0009957658532220052,0.009503990590072215
898,898,0.0009984491845149441,0.009496547628892491
899,899,0.000981832842465847,0.009489218938450337
900,900,0.0009897547691579262,0.009481201541246674
901,901,0.0009961227844011945,0.009473302960155808
902,902,0.0010042936408356869,0.009465786703726336
903,903,0.001005553661190772,0.009457419065162878
904,904,0.001000244735345183,0.009449186715936924
905,905,0.000988792430656462,0.009440909986401494
906,906,0.0009901328901756868,0.009433012370743106
907,907,0.0009772859912656683,0.009425184739326676
908,908,0.0009626924463130774,0.0094172295655884
909,909,0.0009630697893764798,0.009409803457961165
910,910,0.0009625460136502999,0.00940249913020431
911,911,0.0009546511424591672,0.009395477658708462
912,912,0.0009482292102736862,0.009388244772468817
913,913,0.0009571314072516082,0.009381964954716033
914,914,0.0009578749067527569,0.009373796936602348
915,915,0.0009383912196474894,0.00936548754229827
916,916,0.0009165524252041268,0.009357292049810558
917,917,0.0009136064191374854,0.009349277836119657
918,918,0.000917291865750211,0.009341378250898315
919,919,0.0009110213092855736,0.009332932260904977
920,920,0.0008951591119732394,0.009325837630002554
921,921,0.0009024825771960572,0.00931846068810139
922,922,0.0009131006218059107,0.00931118975980279
923,923,0.00090711542149891,0.009303166461483905
924,924,0.0009162976130066946,0.00929525402673756
925,925,0.00092384218534308,0.009287605806033931
926,926,0.0009126904596554546,0.00927989327342519
927,927,0.0009075772586350563,0.009271870228550085
928,928,0.0009157759796026704,0.009263432114457851
929,929,0.0009164917205744375,0.00925561524317799
930,930,0.0009372706667334947,0.009248016398134317
931,931,0.0009356150484371393,0.009240523146744692
932,932,0.0009390718795225177,0.009233107138470163
933,933,0.0009444782622023057,0.00922663593861567
934,934,0.000928270956229723,0.009220202786737401
935,935,0.000931874867914382,0.009214106672358719
936,936,0.0009422294597294076,0.009207443341898262
937,937,0.0009364906579340146,0.009201130935463724
938,938,0.0009380419254122095,0.009194913461966341
939,939,0.0009378588846727335,0.009188830770970852
940,940,0.0009256103377804889,0.0091828879835157
941,941,0.0009376120386784236,0.009177688836827938
942,942,0.0009396848279161439,0.009172578971267735
943,943,0.0009304272036473657,0.009167504587564962
944,944,0.0009394459906167332,0.009162603882503796
945,945,0.0009445638840340741,0.009157789268187753
946,946,0.0009528603706333851,0.009152823633662276
947,947,0.0009568686574070703,0.0091479132156733
948,948,0.0009529598372644042,0.009143087641062041
949,949,0.0009376559819468794,0.009138346188871787
950,950,0.0009291258927489715,0.009133686266960631
951,951,0.000931482671383326,0.009129260014508696
952,952,0.0009278763368139311,0.0091247121303733
953,953,0.0009290860061848549,0.009119446336139581
954,954,0.0009305305864232834,0.009114216967170382
955,955,0.0009332049847984599,0.009109533339376336
956,956,0.0009184704303861225,0.009104926230714357
957,957,0.0009159069712138273,0.00910039496152793
958,958,0.0009289287034812304,0.009095622525287905
959,959,0.0009184476450815876,0.009090865480088525
960,960,0.000917974765603929,0.009086185242068882
961,961,0.0009186722226327853,0.009081614523395495
962,962,0.000912252027406736,0.009077054219243519
963,963,0.0009066507301593496,0.009072567443640123
964,964,0.0008895914367983,0.009066332779044877
965,965,0.0008648611217617058,0.009059001394185019
966,966,0.0008722085962030453,0.00905175543937533
967,967,0.0008694386515992565,0.009044856929623056
968,968,0.0008770655253501309,0.009038484039117145
969,969,0.0008770674086800432,0.00903219892453065
970,970,0.0008719630461572153,0.009025991410405327
971,971,0.0009032690975214156,0.009019352599783202
972,972,0.0009016008487558034,0.009012792102869845
973,973,0.0009003806315896596,0.009006324984714612
974,974,0.0009026377943292544,0.008999934607358326
975,975,0.0009116610983525552,0.008993450969138995
976,976,0.000905313521391446,0.00898677930214551
977,977,0.0009129004993848409,0.00898092975831244
978,978,0.0009059001877309865,0.008974781554959175
979,979,0.0009143551018376669,0.008968900432512566
980,980,0.0009117617783691328,0.008964146163170261
981,981,0.0009203667065549628,0.008958602488572632
982,982,0.0009208054596232404,0.008953025327612465
983,983,0.0009086269678436855,0.008947544220607949
984,984,0.0009238880528287363,0.008942190419324097
985,985,0.0009251327196558506,0.008936575044309357
986,986,0.0009339288630428419,0.008931048230191287
987,987,0.0009449657691003961,0.008925515393671587
988,988,0.0009366589547168632,0.008920131168654288
989,989,0.0009280780999387029,0.008914812521239646
990,990,0.0009290053130391368,0.008909558663250283
991,991,0.000919828252806261,0.008903808680460461
992,992,0.0009130907375976184,0.008898242127151736
993,993,0.0009010654726218992,0.008892890008473112
994,994,0.000900191348220216,0.008887904607348266
995,995,0.0008909898476253602,0.008883041452164828
996,996,0.0008832570597342909,0.008877909118184032
997,997,0.0008791164956202915,0.008872845976046831
998,998,0.000888731411158911,0.008867851148629915
999,999,0.000904163976907593,0.008862913798106008
