,iter,acc_pl
0,0,0.7154519442411543
1,1,0.6823479550872531
2,2,0.6539200242947112
3,3,0.6293732547507448
4,4,0.6077970034229434
5,5,0.5885062255163256
6,6,0.5711544871173706
7,7,0.5554807063153879
8,8,0.5410315312027639
9,9,0.5276510927533334
10,10,0.5151915812136804
11,11,0.5034003716951065
12,12,0.4922822671817417
13,13,0.4817053328618678
14,14,0.47156665833493766
15,15,0.46185987743408397
16,16,0.45238341059705534
17,17,0.4432462302462454
18,18,0.4343489360181907
19,19,0.4255933793269924
20,20,0.4170068452926726
21,21,0.40865318757192376
22,22,0.4004157568928194
23,23,0.3922679864463176
24,24,0.3841643224079051
25,25,0.37614300725297817
26,26,0.36822888723708486
27,27,0.3603816675290377
28,28,0.3525544488378591
29,29,0.34481527585369026
30,30,0.3371408447074379
31,31,0.32943277434144846
32,32,0.3218825515761413
33,33,0.3143396717598892
34,34,0.3068372971711255
35,35,0.2993944419596315
36,36,0.29196852205098345
37,37,0.2845808625008384
38,38,0.27723458942323764
39,39,0.26991807543977037
40,40,0.26276507622125755
41,41,0.25556695564154974
42,42,0.24842699688760217
43,43,0.2413082454348036
44,44,0.23429930489679324
45,45,0.2273150057404247
46,46,0.22045958792238216
47,47,0.21366694330609504
48,48,0.2069283389641113
49,49,0.2002789884914629
50,50,0.1936683884146694
51,51,0.1871597234201149
52,52,0.1807350810266222
53,53,0.17442283555549118
54,54,0.16817007710511991
55,55,0.16202588003601032
56,56,0.15599460706321258
57,57,0.15006734615903383
58,58,0.14427395359796402
59,59,0.13854150673731316
60,60,0.13297398817934708
61,61,0.12746597400602705
62,62,0.1221488151193954
63,63,0.116953135767384
64,64,0.11189897006754618
65,65,0.10700519014161125
66,66,0.10226385716125483
67,67,0.09765332501736754
68,68,0.09318179880661986
69,69,0.0888931186715881
70,70,0.08466734601124619
71,71,0.08063002362816181
72,72,0.07675855350289715
73,73,0.07301650310035282
74,74,0.06945519227544443
75,75,0.06602868523737404
76,76,0.06273420386394335
77,77,0.05961682890064353
78,78,0.05660801504730765
79,79,0.05376511656636481
80,80,0.05105941194535406
81,81,0.048468630853291374
82,82,0.04600656832770351
83,83,0.043679058614909935
84,84,0.04147343358894978
85,85,0.03940592059153925
86,86,0.03743204229622033
87,87,0.03555196546664708
88,88,0.03380189205095098
89,89,0.032152118608437134
90,90,0.030598789890711502
91,91,0.029128748856364406
92,92,0.027746444735732574
93,93,0.026454987173802756
94,94,0.025269024643482785
95,95,0.02412166327223458
96,96,0.02304665204868057
97,97,0.022029773355563997
98,98,0.021084628317328803
99,99,0.020198441681114974
100,100,0.019345553477859514
101,101,0.018577432139790524
102,102,0.017869003734436985
103,103,0.017165960450563338
104,104,0.0165178145569868
105,105,0.015904249830393558
106,106,0.015354114182145167
107,107,0.014806846774531512
108,108,0.014314578702834585
109,109,0.013829919428091121
110,110,0.013381336553576928
111,111,0.012994604844876818
112,112,0.012604147879626363
113,113,0.012217024410279907
114,114,0.011864785195610785
115,115,0.011541228852891645
116,116,0.011232363775970762
117,117,0.010934153035353767
118,118,0.01065084498482034
119,119,0.010401344863937605
120,120,0.010162453073088589
121,121,0.009926027794934872
122,122,0.009708658736947559
123,123,0.009509459009617558
124,124,0.009315600925021603
125,125,0.009119415583287752
126,126,0.008947516701672015
127,127,0.008779866184109437
128,128,0.008619338103552596
129,129,0.008469353958831496
130,130,0.0083294795452555
131,131,0.008212591399818375
132,132,0.008083458843594595
133,133,0.007960856129809703
134,134,0.007852831766469838
135,135,0.0077470836776096135
136,136,0.0076365506652644344
137,137,0.00753847460767055
138,138,0.007453130713524255
139,139,0.0073635943967057015
140,140,0.007270374268572088
141,141,0.007196287848134862
142,142,0.007114053939084178
143,143,0.007036796116045713
144,144,0.006962455774491336
145,145,0.006884756688041922
146,146,0.0068273303278328385
147,147,0.006759112408778342
148,148,0.006694938515546886
149,149,0.006632022436318046
150,150,0.0065685650586552865
151,151,0.006496647449553423
152,152,0.006441651881154838
153,153,0.006384385590216425
154,154,0.006338722170165795
155,155,0.0062859468847367055
156,156,0.006237188821937555
157,157,0.006194905149696328
158,158,0.006150491380099099
159,159,0.006103049984291143
160,160,0.006062807016700837
161,161,0.006026834939397
162,162,0.005987526979566439
163,163,0.00593448462691388
164,164,0.005889694035789235
165,165,0.005852656704108145
166,166,0.005825333961316932
167,167,0.005783976205494318
168,168,0.005751568369246919
169,169,0.005705346128310538
170,170,0.005676647133874978
171,171,0.0056394972864027716
172,172,0.005617140730383997
173,173,0.005582930311507533
174,174,0.0055464722969947415
175,175,0.005513386050041493
176,176,0.005485643292772389
177,177,0.005455786934148948
178,178,0.005436266281368595
179,179,0.005403921488047139
180,180,0.005379285725852387
181,181,0.005352453584268552
182,182,0.005330272344253083
183,183,0.005307361994031284
184,184,0.005287196212657867
185,185,0.005260947832339842
186,186,0.0052392026983393535
187,187,0.005215600042021285
188,188,0.005188937238812798
189,189,0.005166672357748478
190,190,0.005139041734712241
191,191,0.0051182587837333765
192,192,0.005099224730496797
193,193,0.005075070864547485
194,194,0.005061726855479778
195,195,0.005044189672487599
196,196,0.0050298275084738435
197,197,0.005004890935062779
198,198,0.004985309602818652
199,199,0.004968009249607519
200,200,0.004948351289031246
201,201,0.004925462171576947
202,202,0.004905077750137704
203,203,0.0048827859385399686
204,204,0.004863569217191765
205,205,0.004854471115255116
206,206,0.004836318338969496
207,207,0.004823131927190039
208,208,0.004814835120777153
209,209,0.004807538525550486
210,210,0.004792295044001075
211,211,0.004774656934567741
212,212,0.0047606421058323835
213,213,0.004741634339260825
214,214,0.0047190825768401185
215,215,0.004702914660608532
216,216,0.004688951735359875
217,217,0.004667025589799289
218,218,0.004655330531187076
219,219,0.004646329578376197
220,220,0.004634713951085488
221,221,0.0046205127539293385
222,222,0.004606238870835562
223,223,0.004590769930949411
224,224,0.004580043168123008
225,225,0.004566343157173775
226,226,0.004557837517016974
227,227,0.004547132970774186
228,228,0.004532158798728322
229,229,0.004513697586220278
230,230,0.004502897943914081
231,231,0.004486291382606948
232,232,0.004479451119272804
233,233,0.004462361234462819
234,234,0.00445514567518569
235,235,0.004434253193217768
236,236,0.004420493200165012
237,237,0.004416285233895655
238,238,0.004405104626349767
239,239,0.0043991522707740776
240,240,0.0043906093066435024
241,241,0.00437611324377805
242,242,0.004365162362518125
243,243,0.004363660998084085
244,244,0.004360560309900816
245,245,0.004352479785141884
246,246,0.004347619520974358
247,247,0.004342910392510416
248,248,0.004329616269989272
249,249,0.004314408518976675
250,250,0.004308751029082111
251,251,0.004308507923832228
252,252,0.004299631813577531
253,253,0.004287312232451124
254,254,0.004281676095135447
255,255,0.004273062707323651
256,256,0.004254093773250093
257,257,0.004253554474908177
258,258,0.0042512693524991785
259,259,0.004240151040955996
260,260,0.004230637012737028
261,261,0.004217894033399838
262,262,0.004213168154512579
263,263,0.004201485415238519
264,264,0.004190591894730628
265,265,0.004181295237712717
266,266,0.004175208432612168
267,267,0.004173274409590518
268,268,0.004165869001350415
269,269,0.004158116256682965
270,270,0.0041493533384809505
271,271,0.004141789950048375
272,272,0.004130104050819929
273,273,0.004119603622708612
274,274,0.004111421985758442
275,275,0.004102911455307432
276,276,0.004096487614202412
277,277,0.004094493043000127
278,278,0.004085782598375995
279,279,0.004079606541452638
280,280,0.004072334064373084
281,281,0.004066295123876542
282,282,0.004056178177677393
283,283,0.004054287069320632
284,284,0.004045710011098719
285,285,0.004037636377565675
286,286,0.004025940499395403
287,287,0.004018838800391873
288,288,0.004009562086890512
289,289,0.0040044033868021234
290,290,0.003998149129579679
291,291,0.003993387386487538
292,292,0.003984242371043518
293,293,0.0039784241585100475
294,294,0.003973116525996015
295,295,0.003981997915223581
296,296,0.0039784245826382314
297,297,0.003975310848672456
298,298,0.003976032912495168
299,299,0.003975766217997559
300,300,0.003971817420036094
301,301,0.003971146575943768
302,302,0.003968803292840909
303,303,0.003968304297623239
304,304,0.0039642817131601985
305,305,0.003954290688204286
306,306,0.003949037161630687
307,307,0.003934511785681104
308,308,0.003929217774566587
309,309,0.003921657919296671
310,310,0.003914652797581408
311,311,0.00390955644652982
312,312,0.003902928208777266
313,313,0.003896984975836142
314,314,0.0038924350599658514
315,315,0.0038809428258595358
316,316,0.003876545246222077
317,317,0.0038616387057579036
318,318,0.0038542307407158603
319,319,0.0038550436816767943
320,320,0.0038418768789785936
321,321,0.0038369813698314295
322,322,0.0038400418589912277
323,323,0.0038297082909360203
324,324,0.0038241044238761586
325,325,0.003821308341901659
326,326,0.0038251379521933976
327,327,0.00382599758342769
328,328,0.0038240067969673944
329,329,0.0038232273489294134
330,330,0.0038103518930148812
331,331,0.003808013579555331
332,332,0.003804030024068708
333,333,0.0038102083309136396
334,334,0.0038040946419478183
335,335,0.0038041360489017243
336,336,0.003804203829955185
337,337,0.0037923974222669964
338,338,0.0037903615019028733
339,339,0.0037843310475175213
340,340,0.0037791590276683496
341,341,0.0037793495648690283
342,342,0.003784349437111929
343,343,0.00378821500747716
344,344,0.0037880822555591566
345,345,0.003791640617086846
346,346,0.0037933050510474448
347,347,0.003792489719661855
348,348,0.00379449043785421
349,349,0.003786534112400014
350,350,0.003783693081692465
351,351,0.003783834983878949
352,352,0.003783462692583474
353,353,0.0037732677192408057
354,354,0.0037651198524040457
355,355,0.00376931198569686
356,356,0.003758752113005845
357,357,0.0037527735845896528
358,358,0.0037477964575636834
359,359,0.0037491266238459152
360,360,0.003748578015389873
361,361,0.0037456858409284904
362,362,0.0037410052955259214
363,363,0.003733836062208154
364,364,0.0037320006146788366
365,365,0.0037281387903741517
366,366,0.003730579470579973
367,367,0.003729735117867821
368,368,0.00372717110773906
369,369,0.0037155835137683314
370,370,0.003716887556215875
371,371,0.0037106899940607435
372,372,0.003702165099406609
373,373,0.0036974053719001495
374,374,0.003706051959400458
375,375,0.0036965993193675377
376,376,0.003688264908464092
377,377,0.003683892489323716
378,378,0.003686471981426261
379,379,0.003686347564689683
380,380,0.003682296557032961
381,381,0.0036841007300105
382,382,0.0036803631909439125
383,383,0.0036843794687215457
384,384,0.003681728756862802
385,385,0.003681495680028597
386,386,0.0036857192772991243
387,387,0.0036815099664553744
388,388,0.00368124185505956
389,389,0.003677323436393156
390,390,0.0036822410215052526
391,391,0.0036789571759475153
392,392,0.003676754877711463
393,393,0.003672323332126834
394,394,0.003665290582544002
395,395,0.003656826147661334
396,396,0.0036559910053870115
397,397,0.0036521090083803773
398,398,0.003652493978597762
399,399,0.003662774613460234
400,400,0.0036642708594311567
401,401,0.003660386078563693
402,402,0.0036628065461285857
403,403,0.003660805747517891
404,404,0.003662098327218845
405,405,0.0036516237830198006
406,406,0.0036488712635795247
407,407,0.0036444557715224063
408,408,0.0036470609437069274
409,409,0.003645324192689608
410,410,0.0036428004838836977
411,411,0.003645612030162182
412,412,0.0036448001020239367
413,413,0.003649514538824245
414,414,0.0036479626297003485
415,415,0.0036607502606242344
416,416,0.003653609462200489
417,417,0.0036561415956088217
418,418,0.003662469286745888
419,419,0.003658466845295972
420,420,0.003654269111319347
421,421,0.003650139505221354
422,422,0.003648027894478706
423,423,0.0036526560005866685
424,424,0.0036472863811095606
425,425,0.0036483983576061996
426,426,0.00365324547385986
427,427,0.0036531404031358646
428,428,0.003658043464198894
429,429,0.003650026243573005
430,430,0.0036531414122925212
431,431,0.003645232215844138
432,432,0.003642233299129647
433,433,0.0036398864065717265
434,434,0.003646523450564484
435,435,0.003641644628510981
436,436,0.0036367808132769333
437,437,0.0036328132679332684
438,438,0.00362486561694511
439,439,0.0036278619385489257
440,440,0.003624050819391361
441,441,0.003632124978391226
442,442,0.003635348129009487
443,443,0.0036359621079771662
444,444,0.0036303041520055414
445,445,0.0036319373540177687
446,446,0.0036252036022684335
447,447,0.0036281295523570003
448,448,0.003625560801047392
449,449,0.0036253763467886386
450,450,0.0036244466698459057
451,451,0.003626084298571068
452,452,0.0036234136796783533
453,453,0.0036218050289947004
454,454,0.0036169164484863028
455,455,0.0036109173174146804
456,456,0.003614022983141917
457,457,0.0036147304046368275
458,458,0.003608093777058483
459,459,0.003610728903796408
460,460,0.003609112682949106
461,461,0.0036036052633790336
462,462,0.0036083025258269643
463,463,0.003610451895690889
464,464,0.0036145245950285156
465,465,0.0036168048636658246
466,466,0.0036118301640284834
467,467,0.0036089608274659946
468,468,0.003604201013124295
469,469,0.0036065816692059586
470,470,0.0036071492240343558
471,471,0.0036079440370370684
472,472,0.0036011221755810857
473,473,0.0035956274645535897
474,474,0.0035989282001164732
475,475,0.0036035187484366902
476,476,0.003606272535415079
477,477,0.003601097216183332
478,478,0.003603719667341658
479,479,0.0036043211563379926
480,480,0.003607946691604706
481,481,0.003605612563237401
482,482,0.003600291827513164
483,483,0.0036042247633099487
484,484,0.0036058960191077947
485,485,0.0036059098453544167
486,486,0.0036008319845481605
487,487,0.0036050852040065994
488,488,0.0036036147279383136
489,489,0.003603913999843264
490,490,0.0036038312517915976
491,491,0.003610974058595782
492,492,0.0036147686075028926
493,493,0.003613086552734629
494,494,0.0036101809893814827
495,495,0.003606664245923071
496,496,0.003609277075706081
497,497,0.0036115669350303974
498,498,0.003616433734868136
499,499,0.003623788825579195
500,500,0.003627432395486393
501,501,0.0036240338196779163
502,502,0.0036220667420856453
503,503,0.003621972101963967
504,504,0.0036225771595911056
505,505,0.0036224685389102665
506,506,0.0036209615937262936
507,507,0.0036194608536982632
508,508,0.0036187472286419806
509,509,0.0036187131110190173
510,510,0.0036185905977070255
511,511,0.0036186937998702244
512,512,0.00361868501502808
513,513,0.003618554608763712
514,514,0.0036186578682531525
515,515,0.0036185287535457286
516,516,0.0036184086286763966
517,517,0.0036184774637941426
518,518,0.003618520817629342
519,519,0.003618565496933975
520,520,0.003618550866482878
521,521,0.003618231390815234
522,522,0.003618161802320002
523,523,0.0036181979590900427
524,524,0.003618332948886808
525,525,0.0036184437733730317
526,526,0.003618383415559305
527,527,0.003618410460785384
528,528,0.003618575532210168
529,529,0.0036188263674491795
530,530,0.0036192290930536614
531,531,0.0036195595823737634
532,532,0.0036198046179181133
533,533,0.0036199237910618074
534,534,0.003620150365016696
535,535,0.003620273839949215
536,536,0.003620501809349944
537,537,0.0036206597468829553
538,538,0.0036207235763540406
539,539,0.0036206866241671886
540,540,0.00362056963335651
541,541,0.0036205104164452264
542,542,0.0036206456739273155
543,543,0.0036207331779018943
544,544,0.0036208838281624463
545,545,0.003620906945498324
546,546,0.0036209308698790283
547,547,0.0036209994075846637
548,548,0.0036209393260216746
549,549,0.0036208830807839
550,550,0.003620933172073096
551,551,0.003620843237772459
552,552,0.0036208751474924197
553,553,0.003620908320378973
554,554,0.003620932511456843
555,555,0.003621052152592921
556,556,0.0036210994592188435
557,557,0.003621162027621118
558,558,0.0036212602683559233
559,559,0.0036213511622331437
560,560,0.0036214424449369786
561,561,0.0036215813157023657
562,562,0.0036218328462048425
563,563,0.0036221509071489213
564,564,0.0036223862459761566
565,565,0.0036226240064714107
566,566,0.0036228762523980856
567,567,0.0036232166228326607
568,568,0.003623531012438623
569,569,0.003623836668832812
570,570,0.003624205525307645
571,571,0.0036245316930303383
572,572,0.0036248788494100087
573,573,0.0036252762964548257
574,574,0.003625602969583674
575,575,0.0036259065086538516
576,576,0.0036262641108256877
577,577,0.003626523655595143
578,578,0.0036268638578156706
579,579,0.003627159488877655
580,580,0.003627528220428499
581,581,0.0036278430463153144
582,582,0.003628206137910717
583,583,0.003628567877060888
584,584,0.00362886569340162
585,585,0.0036292627601551657
586,586,0.003629655104614024
587,587,0.0036300370226682982
588,588,0.003630378255197613
589,589,0.0036307632820049398
590,590,0.0036311383319266952
591,591,0.0036315027032285964
592,592,0.0036319740729504222
593,593,0.0036324169795559835
594,594,0.003632865087569158
595,595,0.0036332852340804403
596,596,0.003633743740345361
597,597,0.0036342140412129087
598,598,0.003634689597205889
599,599,0.003635165205636145
600,600,0.0036357001327047204
601,601,0.003636175732539431
602,602,0.003636679044084476
603,603,0.003637179289844607
604,604,0.003637664907960428
605,605,0.0036381757835902374
606,606,0.003638613631440283
607,607,0.0036390437679361585
608,608,0.003639489412945471
609,609,0.0036398821368580432
610,610,0.0036403412287991524
611,611,0.003640772794453748
612,612,0.003641169555276625
613,613,0.003641534896961071
614,614,0.0036419238447742554
615,615,0.0036422948131406147
616,616,0.0036426738241857022
617,617,0.003643058253003498
618,618,0.003643483554767894
619,619,0.0036438696477543104
620,620,0.003644248895527753
621,621,0.0036445956230638237
622,622,0.0036449150115671724
623,623,0.003645183248957307
624,624,0.0036454994312269218
625,625,0.003645836791234407
626,626,0.0036461054885700956
627,627,0.0036464240541445965
628,628,0.0036467481135926123
629,629,0.003647180508063162
630,630,0.003647602910551098
631,631,0.003648015649575062
632,632,0.0036484186627165943
633,633,0.0036487943838781137
634,634,0.003649159682803457
635,635,0.003649490665895946
636,636,0.00364985208381295
637,637,0.0036502209647839
638,638,0.003650626200737198
639,639,0.0036510258928035087
640,640,0.003651419821191973
641,641,0.0036517533119662833
642,642,0.003652128535532388
643,643,0.003652481649047979
644,644,0.003652901604047988
645,645,0.0036533201346978465
646,646,0.003653764840475749
647,647,0.003654264916787344
648,648,0.003654801506496025
649,649,0.003655331993333662
650,650,0.0036558737087952
651,651,0.0036564742468551507
652,652,0.0036570139299270522
653,653,0.0036575755634754613
654,654,0.0036581568557908155
655,655,0.003658746688025058
656,656,0.0036593437340571005
657,657,0.0036599529378424337
658,658,0.003660543366283327
659,659,0.003661136155448669
660,660,0.0036617279249651154
661,661,0.003662296428236178
662,662,0.0036628543358019185
663,663,0.0036634330490243634
664,664,0.00366402600460312
665,665,0.0036645882338821
666,666,0.0036651409123101843
667,667,0.0036656594905286172
668,668,0.0036661610627891574
669,669,0.0036666947655929027
670,670,0.0036672250943066854
671,671,0.003667780598933609
672,672,0.003668369768498013
673,673,0.003668918072646153
674,674,0.003669438304228924
675,675,0.0036699836831819237
676,676,0.0036705354768896397
677,677,0.003671090325832983
678,678,0.0036716280397960776
679,679,0.0036721575716282444
680,680,0.0036726921260617526
681,681,0.003673191039981303
682,682,0.0036736974583688395
683,683,0.003674233515814828
684,684,0.0036747908518235065
685,685,0.0036753145744766957
686,686,0.0036758480422368887
687,687,0.0036763614427330472
688,688,0.0036768402845850008
689,689,0.003677330800270079
690,690,0.003677844436030285
691,691,0.0036783559079410287
692,692,0.0036789007344969907
693,693,0.003679423576021925
694,694,0.0036799606873543383
695,695,0.003680510337146183
696,696,0.0036810925967382707
697,697,0.003681689990115964
698,698,0.0036822790601459938
699,699,0.003682868738648134
700,700,0.003683476719940813
701,701,0.0036840925322576316
702,702,0.0036847031407706986
703,703,0.0036853149372303886
704,704,0.003685932401391383
705,705,0.003686557971585487
706,706,0.0036871843992026887
707,707,0.003687823702547698
708,708,0.0036884750821593883
709,709,0.0036891580190573847
710,710,0.00368982505511186
711,711,0.0036904835092974445
712,712,0.003691144399827299
713,713,0.003691801132575238
714,714,0.0036924584687909475
715,715,0.0036930791664160157
716,716,0.0036937019100037357
717,717,0.003694327320269374
718,718,0.0036949553261392465
719,719,0.0036955725414642353
720,720,0.003696173168984626
721,721,0.003696798262587606
722,722,0.003697425575165837
723,723,0.0036980786885396195
724,724,0.003698762810670538
725,725,0.0036994418412000067
726,726,0.003700127340421755
727,727,0.0037008101318862473
728,728,0.0037014827656329102
729,729,0.0037021583947936887
730,730,0.0037028307770767925
731,731,0.0037035231553040637
732,732,0.003704211717655932
733,733,0.0037049014007444693
734,734,0.0037055719519967526
735,735,0.003706237832008729
736,736,0.003706924846466577
737,737,0.003707617545111647
738,738,0.0037083180580458498
739,739,0.0037090189042231544
740,740,0.003709711138718038
741,741,0.003710378140426279
742,742,0.0037110640830357116
743,743,0.003711739166811348
744,744,0.00371241626741163
745,745,0.003713131448110265
746,746,0.003713835558794596
747,747,0.0037144972984508935
748,748,0.003715150124550556
749,749,0.003715809002021705
750,750,0.0037164573343715476
751,751,0.003717101903952602
752,752,0.003717731888171495
753,753,0.00371836911133849
754,754,0.00371898445629239
755,755,0.0037195926149372217
756,756,0.0037202129596694876
757,757,0.0037208176110571237
758,758,0.0037214293370664317
759,759,0.0037220318559930384
760,760,0.003722636503056054
761,761,0.0037232616076706983
762,762,0.0037238696363437714
763,763,0.003724496317731774
764,764,0.0037251252234463163
765,765,0.0037257921759584665
766,766,0.003726453924833949
767,767,0.0037271053203559376
768,768,0.003727754431695288
769,769,0.003728397499958904
770,770,0.0037290342835636387
771,771,0.0037296516546555247
772,772,0.0037302731946243064
773,773,0.0037309045751735526
774,774,0.003731539876459862
775,775,0.003732163838958048
776,776,0.0037327911675818608
777,777,0.0037333975044305566
778,778,0.0037340045854157805
779,779,0.003734599495704068
780,780,0.0037352172791496
781,781,0.003735827456311909
782,782,0.003736426136512984
783,783,0.0037370109553221337
784,784,0.0037375881820272652
785,785,0.0037381401855153826
786,786,0.0037386956003597257
787,787,0.003739262803366534
788,788,0.003739856164626745
789,789,0.0037404897286640853
790,790,0.0037411257491245333
791,791,0.0037417893515787307
792,792,0.0037424414604439495
793,793,0.003743077702882387
794,794,0.003743746136533083
795,795,0.003744409312284592
796,796,0.0037450727563329623
797,797,0.003745718676894631
798,798,0.003746373800038816
799,799,0.003747014782575128
800,800,0.003747643922275072
801,801,0.003748268826985847
802,802,0.0037488779347209372
803,803,0.0037494808113215415
804,804,0.0037500933847844312
805,805,0.003750709791075595
806,806,0.003751329122799222
807,807,0.0037519623727928077
808,808,0.0037525919891239863
809,809,0.0037532211396930013
810,810,0.0037538612606771134
811,811,0.003754515683284367
812,812,0.003755152226670491
813,813,0.0037557861706641873
814,814,0.0037564407670798027
815,815,0.003757081755635335
816,816,0.0037577304370157287
817,817,0.003758403431906761
818,818,0.003759067449880906
819,819,0.0037597323126975363
820,820,0.0037603914171443664
821,821,0.0037610472845706813
822,822,0.0037616908930938383
823,823,0.003762327573855653
824,824,0.003762960724303317
825,825,0.0037636193433988312
826,826,0.0037642714833260875
827,827,0.0037649179959911845
828,828,0.0037655606076435256
829,829,0.003766220617605802
830,830,0.00376685345597573
831,831,0.0037674838253903818
832,832,0.003768101272714594
833,833,0.003768737217368089
834,834,0.0037693715910772536
835,835,0.0037699996027606908
836,836,0.0037706374613531404
837,837,0.0037712832191411317
838,838,0.0037719407278776445
839,839,0.0037726182721990404
840,840,0.003773302722408006
841,841,0.00377398042883301
842,842,0.003774658180009901
843,843,0.0037753439362190077
844,844,0.003776030012155268
845,845,0.00377672874231075
846,846,0.0037774378313943646
847,847,0.0037781610320750227
848,848,0.003778896307336059
849,849,0.003779630687807664
850,850,0.003780368633929697
851,851,0.0037810824221548955
852,852,0.0037818079568787306
853,853,0.003782554612180791
854,854,0.0037832956736370774
855,855,0.0037840721036444753
856,856,0.0037848575850669987
857,857,0.0037856335264503183
858,858,0.003786431234372389
859,859,0.0037872170389157086
860,860,0.0037880121731768243
861,861,0.003788809098940767
862,862,0.0037896211738654866
863,863,0.0037904300668443174
864,864,0.0037912317292835276
865,865,0.0037920625149420123
866,866,0.0037928842445932635
867,867,0.0037937042020792944
868,868,0.003794527354190224
869,869,0.0037953420660769167
870,870,0.0037961503647490676
871,871,0.0037969460895825933
872,872,0.0037977276685773284
873,873,0.003798519063633458
874,874,0.003799319787194559
875,875,0.0038001191328106824
876,876,0.003800925870492815
877,877,0.0038017150141564605
878,878,0.0038025001201143524
879,879,0.0038033141034978864
880,880,0.003804133600265048
881,881,0.0038049512629887284
882,882,0.003805755913173232
883,883,0.003806555066930368
884,884,0.003807348978864774
885,885,0.0038081258182469523
886,886,0.0038089099960755294
887,887,0.0038096952830848903
888,888,0.0038104797781807827
889,889,0.003811266379315277
890,890,0.003812045587562515
891,891,0.003812820765579971
892,892,0.0038135874966246644
893,893,0.0038143523875669282
894,894,0.0038151242866544285
895,895,0.003815910658995419
896,896,0.0038167063009351557
897,897,0.003817490351159751
898,898,0.0038182682017703622
899,899,0.0038190416969867366
900,900,0.0038197945881727692
901,901,0.0038205553877780594
902,902,0.0038213113524633914
903,903,0.00382206642744972
904,904,0.0038228207278369597
905,905,0.003823581095593361
906,906,0.0038243569023403705
907,907,0.003825160448040003
908,908,0.0038259644778563646
909,909,0.00382677001441803
910,910,0.0038275783018403412
911,911,0.0038284052269235537
912,912,0.0038292335197483733
913,913,0.003830046943319345
914,914,0.003830852180123021
915,915,0.00383165940996291
916,916,0.0038324489257942776
917,917,0.0038332270944508974
918,918,0.003834012604575734
919,919,0.003834800412369272
920,920,0.003835579057813227
921,921,0.003836346390256287
922,922,0.0038371248277594156
923,923,0.0038378907633386103
924,924,0.003838657919464831
925,925,0.003839442759766998
926,926,0.0038402124588126137
927,927,0.0038409681409879624
928,928,0.0038417321713247548
929,929,0.0038424873718722907
930,930,0.0038432378814687853
931,931,0.0038439927102314093
932,932,0.003844758022688147
933,933,0.003845519041418163
934,934,0.003846279178766536
935,935,0.0038470389766803864
936,936,0.0038477966535321382
937,937,0.0038485694587860214
938,938,0.0038493355960936247
939,939,0.0038501029233410683
940,940,0.003850860047346908
941,941,0.003851618455410811
942,942,0.003852389458948355
943,943,0.003853159946483003
944,944,0.0038539477903195493
945,945,0.003854749928147244
946,946,0.00385553867123538
947,947,0.0038563198182346267
948,948,0.003857091691020745
949,949,0.003857854038454641
950,950,0.003858626268120615
951,951,0.0038593993756617776
952,952,0.003860186485254736
953,953,0.003860955666203807
954,954,0.0038617310530374674
955,955,0.0038624980954049776
956,956,0.003863284592215663
957,957,0.0038640846229990823
958,958,0.0038648834180166863
959,959,0.003865680079067102
960,960,0.0038664728852235886
961,961,0.003867268796828418
962,962,0.00386805320300124
963,963,0.0038688230004148296
964,964,0.003869602471440271
965,965,0.0038703791208824206
966,966,0.0038711577928818314
967,967,0.003871929066673996
968,968,0.003872702613959691
969,969,0.0038734861518860742
970,970,0.0038742758377864938
971,971,0.003875073369713269
972,972,0.003875857593924011
973,973,0.0038766349088792933
974,974,0.0038774075491657465
975,975,0.0038781845852172317
976,976,0.0038789759313398488
977,977,0.0038797527232273185
978,978,0.0038805331835169428
979,979,0.0038813161070869644
980,980,0.0038820951903882892
981,981,0.003882878578412212
982,982,0.0038836918095525408
983,983,0.003884507826669084
984,984,0.003885329748387232
985,985,0.003886155206860013
986,986,0.0038869803473958473
987,987,0.003887805286298202
988,988,0.0038886399357772774
989,989,0.003889470115963898
990,990,0.0038902962990422212
991,991,0.0038911341529802544
992,992,0.0038919745822556854
993,993,0.0038928204949756837
994,994,0.003893678659826779
995,995,0.0038945400139005714
996,996,0.003895398108326108
997,997,0.0038962386549143226
998,998,0.0038970825401391514
999,999,0.00389794199685445
1000,1000,0.0038988080208941472
1001,1001,0.00389970201073526
1002,1002,0.0039006036059840007
1003,1003,0.003901500171933493
1004,1004,0.003902391012056337
1005,1005,0.0039032699544155965
1006,1006,0.003904145282171965
1007,1007,0.0039050304762884235
1008,1008,0.0039059132253846996
1009,1009,0.003906787801292667
1010,1010,0.0039076524272568134
1011,1011,0.003908508928029768
1012,1012,0.003909375292531518
1013,1013,0.003910253284319843
1014,1014,0.0039111266900706595
1015,1015,0.003912008574274847
1016,1016,0.003912895701687182
1017,1017,0.0039137720978082696
1018,1018,0.0039146570163693965
1019,1019,0.0039155444144241425
1020,1020,0.0039164112159324116
1021,1021,0.003917275110440567
1022,1022,0.003918143628881261
1023,1023,0.003919009355970188
1024,1024,0.003919877841383718
1025,1025,0.003920750302708307
1026,1026,0.0039216262807879
1027,1027,0.0039224975934618826
1028,1028,0.003923361320782239
1029,1029,0.003924211238923157
1030,1030,0.003925063867192784
1031,1031,0.003925918731984414
1032,1032,0.003926767647195894
1033,1033,0.003927617323347462
1034,1034,0.003928466991995312
1035,1035,0.003929313622963809
1036,1036,0.003930162755489403
1037,1037,0.00393101352573569
1038,1038,0.003931857932603556
1039,1039,0.0039327048835393645
1040,1040,0.00393353339058179
1041,1041,0.0039343708850158665
1042,1042,0.00393520643505571
1043,1043,0.003936045173878498
1044,1044,0.0039368786783114595
1045,1045,0.003937709046855439
1046,1046,0.0039385331277664425
1047,1047,0.003939355885136818
1048,1048,0.003940182016787318
1049,1049,0.003941006429510615
1050,1050,0.003941829137926264
1051,1051,0.003942655976748288
1052,1052,0.003943483547204358
1053,1053,0.00394431371008452
1054,1054,0.003945138968209247
1055,1055,0.0039459569395093605
1056,1056,0.003946766370329991
1057,1057,0.0039475813515416685
1058,1058,0.003948399037759407
1059,1059,0.003949222706633156
1060,1060,0.00395004707744035
1061,1061,0.0039508678667270515
1062,1062,0.003951686219715172
1063,1063,0.003952504069712342
1064,1064,0.0039533282989604205
1065,1065,0.003954147620674727
1066,1066,0.003954966861267631
1067,1067,0.003955785606327031
1068,1068,0.0039566101903004145
1069,1069,0.003957429770489524
1070,1070,0.003958239296671417
1071,1071,0.003959045885573014
1072,1072,0.003959849928020293
1073,1073,0.003960660170453723
1074,1074,0.003961481317192009
1075,1075,0.003962322736747356
1076,1076,0.003963159434295551
1077,1077,0.003963990994559225
1078,1078,0.003964816599673052
1079,1079,0.003965640056887912
1080,1080,0.003966450879448755
1081,1081,0.003967245942026777
1082,1082,0.003968048717312579
1083,1083,0.0039688518534906755
1084,1084,0.0039696598449133
1085,1085,0.003970476554212926
1086,1086,0.003971289197853846
1087,1087,0.0039721120849410905
1088,1088,0.003972939744628781
1089,1089,0.0039737753477754375
1090,1090,0.003974613933822734
1091,1091,0.003975452567597521
1092,1092,0.0039762935161516836
1093,1093,0.003977149475553564
1094,1094,0.003977986787721273
1095,1095,0.003978829177294039
1096,1096,0.003979673855042044
1097,1097,0.0039805113157986806
1098,1098,0.003981338510325832
1099,1099,0.003982172944066474
1100,1100,0.003983007556490337
1101,1101,0.003983843952248345
1102,1102,0.003984674632724407
1103,1103,0.003985509640179579
1104,1104,0.003986356209888374
1105,1105,0.0039871995810034765
1106,1106,0.00398803894781248
1107,1107,0.003988880678747438
1108,1108,0.0039897268902988154
1109,1109,0.0039905570645683884
1110,1110,0.003991390883438949
1111,1111,0.00399222406439162
1112,1112,0.003993056707643101
1113,1113,0.003993889983718686
1114,1114,0.00399471950010736
1115,1115,0.003995545596561887
1116,1116,0.003996390170369251
1117,1117,0.0039972414614432355
1118,1118,0.003998082499116624
1119,1119,0.0039989115201126725
1120,1120,0.003999752613593181
1121,1121,0.0040005963301834825
1122,1122,0.004001439625544352
1123,1123,0.004002280353520472
1124,1124,0.004003124200416797
1125,1125,0.004003970518163663
1126,1126,0.004004817525521413
1127,1127,0.004005661079016878
1128,1128,0.004006502047717248
1129,1129,0.004007352584185317
1130,1130,0.004008204719848733
1131,1131,0.004009054653076178
1132,1132,0.004009904187636968
1133,1133,0.004010764310095624
1134,1134,0.0040116260699516884
1135,1135,0.0040124862893514
1136,1136,0.004013343320437459
1137,1137,0.004014197161825194
1138,1138,0.00401505157607585
1139,1139,0.0040159091596153875
1140,1140,0.00401676396086568
1141,1141,0.004017612220070365
1142,1142,0.0040184556746525775
1143,1143,0.004019300344758579
1144,1144,0.004020137415172451
1145,1145,0.004020975446640927
1146,1146,0.004021813992242949
1147,1147,0.0040226486772988145
1148,1148,0.004023496124236419
1149,1149,0.004024343752905047
1150,1150,0.004025187136369993
1151,1151,0.004026023513253686
1152,1152,0.0040268657756705895
1153,1153,0.004027702236544942
1154,1154,0.004028527980421027
1155,1155,0.004029352549603226
1156,1156,0.0040301728500254045
1157,1157,0.0040309889311390575
1158,1158,0.0040318058232858426
1159,1159,0.004032624977977757
1160,1160,0.00403344636184863
1161,1161,0.0040342729199721785
1162,1162,0.004035105359462708
1163,1163,0.0040359331961400974
1164,1164,0.0040367601325163975
1165,1165,0.0040375763722614935
1166,1166,0.004038387098119306
1167,1167,0.004039195541449484
1168,1168,0.0040400024321972546
1169,1169,0.004040822699115612
1170,1170,0.004041641557100751
1171,1171,0.004042455229533816
1172,1172,0.004043263737235344
1173,1173,0.004044073503829151
1174,1174,0.004044879365070827
1175,1175,0.004045686223338659
1176,1176,0.004046491641456747
1177,1177,0.004047295791974751
1178,1178,0.004048096891133683
1179,1179,0.004048885183427454
1180,1180,0.004049684764466101
1181,1181,0.004050487182922585
1182,1182,0.004051288468070357
1183,1183,0.00405208329418987
1184,1184,0.004052874409647692
1185,1185,0.004053675022128472
1186,1186,0.004054482125379586
1187,1187,0.0040552909432521956
1188,1188,0.004056095750166072
1189,1189,0.004056907925669228
1190,1190,0.004057729900807038
1191,1191,0.004058554362194294
1192,1192,0.004059382871481231
1193,1193,0.00406021778621119
1194,1194,0.00406105821348891
1195,1195,0.004061889794025236
1196,1196,0.004062719248090818
1197,1197,0.0040635488704134195
1198,1198,0.004064375776334727
1199,1199,0.004065198378355972
1200,1200,0.004066007940161711
1201,1201,0.004066814184786149
1202,1202,0.004067616964548925
1203,1203,0.004068426573215532
1204,1204,0.004069244749897831
1205,1205,0.004070062393152557
1206,1206,0.004070873002851042
1207,1207,0.004071677884392712
1208,1208,0.004072486531718867
1209,1209,0.004073299015163687
1210,1210,0.004074112685716333
1211,1211,0.0040749360070151345
1212,1212,0.004075757823924747
1213,1213,0.004076585154255203
1214,1214,0.004077402093696772
1215,1215,0.004078223688067811
1216,1216,0.0040790429540040266
1217,1217,0.004079852052919442
1218,1218,0.004080658076033298
1219,1219,0.004081466196059997
1220,1220,0.004082275034637587
1221,1221,0.00408308336553516
1222,1222,0.0040838912915980375
1223,1223,0.004084706482479989
1224,1224,0.004085522216070102
1225,1225,0.004086332571220784
1226,1226,0.00408713908283212
1227,1227,0.004087949017965708
1228,1228,0.004088766220068277
1229,1229,0.00408958313153368
1230,1230,0.004090406128927824
1231,1231,0.004091231937258468
1232,1232,0.004092060166214342
1233,1233,0.004092892932385946
1234,1234,0.004093717428007297
1235,1235,0.004094543012667281
1236,1236,0.004095370094995675
1237,1237,0.004096201868520232
1238,1238,0.004097045277379379
1239,1239,0.004097884637921946
1240,1240,0.004098722902393178
1241,1241,0.004099559779972164
1242,1242,0.0041003933375481135
1243,1243,0.004101220129633975
1244,1244,0.004102050563301074
1245,1245,0.004102875769139643
1246,1246,0.00410369353374418
1247,1247,0.004104506503741629
1248,1248,0.004105314582406015
1249,1249,0.004106109169249635
1250,1250,0.004106909451594613
1251,1251,0.004107709324018053
1252,1252,0.0041085110276855566
1253,1253,0.0041093154800042175
1254,1254,0.00411011694806614
1255,1255,0.004110911598463455
1256,1256,0.004111712101271358
1257,1257,0.004112524106721493
1258,1258,0.004113331078354222
1259,1259,0.004114134001719237
1260,1260,0.004114941725545921
1261,1261,0.0041157465338165135
1262,1262,0.004116551203738881
1263,1263,0.004117354021188153
1264,1264,0.004118157412712287
1265,1265,0.004118955626658837
1266,1266,0.004119754067754702
1267,1267,0.004120553349768843
1268,1268,0.004121367393412964
1269,1269,0.004122186320413298
1270,1270,0.004123004140627655
1271,1271,0.004123825537226122
1272,1272,0.004124647644607957
1273,1273,0.004125464541184149
1274,1274,0.004126284285477829
1275,1275,0.004127094367549496
1276,1276,0.004127900357755315
1277,1277,0.004128706021979922
1278,1278,0.004129514560921446
1279,1279,0.004130325538196646
1280,1280,0.00413114158303778
1281,1281,0.004131955901581244
1282,1282,0.0041327700870574064
1283,1283,0.004133585179351543
1284,1284,0.004134396321526691
1285,1285,0.004135207110062653
1286,1286,0.004136024842061933
1287,1287,0.004136842352979525
1288,1288,0.004137663652562594
1289,1289,0.004138493818204823
1290,1290,0.004139324706177428
1291,1291,0.004140149452089276
1292,1292,0.004140976034087157
1293,1293,0.004141797479750062
1294,1294,0.0041426204521335195
1295,1295,0.0041434490862378845
1296,1296,0.004144275717724004
1297,1297,0.0041451034171223625
1298,1298,0.0041459247658383646
1299,1299,0.004146743301863289
1300,1300,0.004147552275421639
1301,1301,0.004148361772650003
1302,1302,0.004149174242179899
1303,1303,0.004149987627704784
1304,1304,0.004150806817543972
1305,1305,0.004151631997979647
1306,1306,0.004152462057559793
1307,1307,0.0041533017128132475
1308,1308,0.004154137430645715
1309,1309,0.004154970665763049
1310,1310,0.004155801401702308
1311,1311,0.0041566332432062675
1312,1312,0.004157461312337728
1313,1313,0.004158282974423538
1314,1314,0.004159100749487729
1315,1315,0.004159905663221315
1316,1316,0.004160715335824901
1317,1317,0.004161514296897969
1318,1318,0.004162310438502011
1319,1319,0.004163108020861354
1320,1320,0.004163909861413606
1321,1321,0.004164716220562706
1322,1322,0.004165520573833592
1323,1323,0.004166322964600683
1324,1324,0.004167129886720677
1325,1325,0.004167940728196076
1326,1326,0.004168755197408969
1327,1327,0.004169570041024614
1328,1328,0.004170396518347641
1329,1329,0.004171219631977014
1330,1330,0.004172043159461295
1331,1331,0.00417287098362484
1332,1332,0.004173693846479045
1333,1333,0.004174510668429186
1334,1334,0.004175333579673399
1335,1335,0.004176156857515197
1336,1336,0.004176984653560381
1337,1337,0.00417781323355745
1338,1338,0.00417863666988408
1339,1339,0.004179462506811217
1340,1340,0.004180288827271641
1341,1341,0.004181112772409736
1342,1342,0.004181942113391293
1343,1343,0.0041827752245969544
1344,1344,0.004183611865386115
1345,1345,0.004184455377348848
1346,1346,0.004185299121038671
1347,1347,0.0041861420780691765
1348,1348,0.0041869857894262195
1349,1349,0.004187824824985565
1350,1350,0.004188667878121435
1351,1351,0.004189504030532731
1352,1352,0.004190348084679308
1353,1353,0.004191188835390937
1354,1354,0.004192023243796548
1355,1355,0.004192862058023056
1356,1356,0.004193698798945194
1357,1357,0.004194532465459112
1358,1358,0.004195361793829306
1359,1359,0.004196199050438673
1360,1360,0.004197029273781972
1361,1361,0.0041978580973968185
1362,1362,0.0041986894243598956
1363,1363,0.004199517317458352
1364,1364,0.004200350788689505
1365,1365,0.004201182235009606
1366,1366,0.00420201370240013
1367,1367,0.004202837561539658
1368,1368,0.004203664332876312
1369,1369,0.0042044934954996475
1370,1370,0.00420532168655349
1371,1371,0.0042061473023645305
1372,1372,0.004206968038699221
1373,1373,0.004207788377105332
1374,1374,0.004208602841309777
1375,1375,0.00420940670223508
1376,1376,0.004210211361468278
1377,1377,0.004211011796523033
1378,1378,0.004211812113660708
1379,1379,0.004212614253040826
1380,1380,0.004213417536069293
1381,1381,0.004214223633016353
1382,1382,0.00421503274267972
1383,1383,0.0042158357518989375
1384,1384,0.004216635324554634
1385,1385,0.004217439875779234
1386,1386,0.004218252243695481
1387,1387,0.004219060211620252
1388,1388,0.004219874972169783
1389,1389,0.004220679899434357
1390,1390,0.004221488591041007
1391,1391,0.0042223034971257635
1392,1392,0.004223123513307365
1393,1393,0.0042239403353364876
1394,1394,0.004224760995450698
1395,1395,0.004225577803365011
1396,1396,0.004226401085219344
1397,1397,0.004227220882167779
1398,1398,0.0042280448717733005
1399,1399,0.004228862262839906
1400,1400,0.00422966899737864
1401,1401,0.004230477221713669
1402,1402,0.0042312791580084155
1403,1403,0.004232082628682718
1404,1404,0.004232879688090809
1405,1405,0.004233674651639059
1406,1406,0.004234474775658318
1407,1407,0.004235269938405462
1408,1408,0.004236067452118947
1409,1409,0.004236866906567133
1410,1410,0.004237662752594386
1411,1411,0.00423845989153936
1412,1412,0.004239255243165213
1413,1413,0.0042400506411596995
1414,1414,0.004240851498725025
1415,1415,0.004241652437963031
1416,1416,0.004242453800234417
1417,1417,0.004243254698602987
1418,1418,0.00424406496873334
1419,1419,0.004244881376083472
1420,1420,0.004245701875108639
1421,1421,0.004246519832956891
1422,1422,0.004247332390558916
1423,1423,0.004248149704748189
1424,1424,0.00424897187917848
1425,1425,0.004249795680516514
1426,1426,0.00425062593265265
1427,1427,0.004251455987034978
1428,1428,0.004252281585346716
1429,1429,0.004253109337720522
1430,1430,0.004253935738276861
1431,1431,0.004254764426311689
1432,1432,0.004255583886489699
1433,1433,0.004256398343244634
1434,1434,0.004257224810384961
1435,1435,0.004258053153564298
1436,1436,0.004258881139076125
1437,1437,0.004259716458164575
1438,1438,0.004260554136342385
1439,1439,0.00426139883982858
1440,1440,0.004262247848780718
1441,1441,0.004263093402227241
1442,1442,0.004263934251837636
1443,1443,0.004264775111672652
1444,1444,0.004265603419478406
1445,1445,0.004266434375117831
1446,1446,0.0042672694921511755
1447,1447,0.004268102815426203
1448,1448,0.004268931826038559
1449,1449,0.004269762718223435
1450,1450,0.00427059774397047
1451,1451,0.004271429065481675
1452,1452,0.00427225767025398
1453,1453,0.004273093622296567
1454,1454,0.004273921686183915
1455,1455,0.0042747483204728315
1456,1456,0.004275578515509588
1457,1457,0.004276404310593235
1458,1458,0.004277231771339706
1459,1459,0.004278055183130407
1460,1460,0.004278876256540356
1461,1461,0.004279697375091099
1462,1462,0.004280516059419965
1463,1463,0.004281335154319249
1464,1464,0.004282156647234881
1465,1465,0.004282978911451692
1466,1466,0.00428380323114875
1467,1467,0.004284622214523261
1468,1468,0.0042854378357576415
1469,1469,0.004286249994046548
1470,1470,0.004287064011424013
1471,1471,0.004287882610516674
1472,1472,0.004288706400170082
1473,1473,0.004289526797753858
1474,1474,0.004290340024145882
1475,1475,0.004291151455720555
1476,1476,0.00429196540249026
1477,1477,0.004292785577129144
1478,1478,0.004293600397334742
1479,1479,0.004294413636869912
1480,1480,0.0042952285999247625
1481,1481,0.004296039713985651
1482,1482,0.004296848303980082
1483,1483,0.004297656152863807
1484,1484,0.004298464623172312
1485,1485,0.004299271034100948
1486,1486,0.004300086869003204
1487,1487,0.004300905244632147
1488,1488,0.004301719205055636
1489,1489,0.004302535681080326
1490,1490,0.004303354332674473
1491,1491,0.004304175244926908
1492,1492,0.004304991996796555
1493,1493,0.004305806241734999
1494,1494,0.004306615038142042
1495,1495,0.00430742579142819
1496,1496,0.004308230831912267
1497,1497,0.0043090339771842895
1498,1498,0.004309840773985366
1499,1499,0.004310655315046135
1500,1500,0.00431146849874985
1501,1501,0.0043122836524949045
1502,1502,0.004313101743043246
1503,1503,0.00431391555085144
1504,1504,0.004314729340725844
1505,1505,0.004315533167605548
1506,1506,0.004316332620278127
1507,1507,0.004317139342994247
1508,1508,0.00431794124184192
1509,1509,0.004318758064847946
1510,1510,0.004319576839964589
1511,1511,0.004320390929154641
1512,1512,0.004321202854521157
1513,1513,0.004322014199591166
1514,1514,0.004322822442048134
1515,1515,0.0043236270967415315
1516,1516,0.0043244375084799235
1517,1517,0.004325257926018943
1518,1518,0.004326078824474208
1519,1519,0.004326899906535072
1520,1520,0.004327725332304299
1521,1521,0.004328550904786168
1522,1522,0.004329374866497607
1523,1523,0.004330210127938123
1524,1524,0.0043310430864578735
1525,1525,0.0043318720065305795
1526,1526,0.004332702506228716
1527,1527,0.004333530779564215
1528,1528,0.004334362445916726
1529,1529,0.004335194999558191
1530,1530,0.004336029059076845
1531,1531,0.0043368621564998915
1532,1532,0.004337697359669615
1533,1533,0.004338532341645247
1534,1534,0.004339369701986135
1535,1535,0.0043402075331394705
1536,1536,0.004341047766269903
1537,1537,0.0043418912934748
1538,1538,0.004342734090556492
1539,1539,0.0043435753398365865
1540,1540,0.004344416045763651
1541,1541,0.004345250940620626
1542,1542,0.004346090123251753
1543,1543,0.004346930247893868
1544,1544,0.004347768827002395
1545,1545,0.004348608176208167
1546,1546,0.004349452464608582
1547,1547,0.004350290940115465
1548,1548,0.0043511268131874855
1549,1549,0.004351963316126052
1550,1550,0.004352806076681548
1551,1551,0.0043536490354010166
1552,1552,0.004354492538644743
1553,1553,0.004355342120564957
1554,1554,0.004356190862038017
1555,1555,0.004357045578265093
1556,1556,0.004357905048473332
1557,1557,0.0043587631163171155
1558,1558,0.004359613422330109
1559,1559,0.0043604592474462784
1560,1560,0.004361300382474651
1561,1561,0.004362139541981497
1562,1562,0.004362974709479778
1563,1563,0.004363806948226299
1564,1564,0.004364638893536296
1565,1565,0.004365470375926792
1566,1566,0.004366301963933588
1567,1567,0.004367136016975027
1568,1568,0.004367975365705881
1569,1569,0.00436881606168109
1570,1570,0.004369661497327397
1571,1571,0.004370504216011459
1572,1572,0.0043713504046188215
1573,1573,0.00437219514792894
1574,1574,0.004373043216809166
1575,1575,0.0043738907086931815
1576,1576,0.004374735318341068
1577,1577,0.004375584516047218
1578,1578,0.0043764302191598254
1579,1579,0.004377271363158482
1580,1580,0.004378115752342419
1581,1581,0.004378962157518978
1582,1582,0.004379794902450681
1583,1583,0.004380624114665586
1584,1584,0.004381454903275976
1585,1585,0.004382285969887359
1586,1586,0.0043831087785121525
1587,1587,0.004383934014685965
1588,1588,0.004384757517669336
1589,1589,0.00438557495621298
1590,1590,0.0043863939002891875
1591,1591,0.004387210836212304
1592,1592,0.0043880297015651964
1593,1593,0.004388847987788364
1594,1594,0.004389663448656245
1595,1595,0.004390476793094984
1596,1596,0.00439129221068999
1597,1597,0.004392101946340093
1598,1598,0.004392912956939778
1599,1599,0.004393722887985387
1600,1600,0.004394539017203288
1601,1601,0.004395356657772365
1602,1602,0.00439617636632614
1603,1603,0.004396994024043809
1604,1604,0.004397808800036481
1605,1605,0.004398623599695013
1606,1606,0.00439943433704274
1607,1607,0.004400244289892997
1608,1608,0.004401054465772776
1609,1609,0.004401868521417105
1610,1610,0.004402680438097264
1611,1611,0.004403490851445148
1612,1612,0.004404305537786739
1613,1613,0.004405116928641375
1614,1614,0.004405930490491889
1615,1615,0.004406740695010714
1616,1616,0.004407557504797932
1617,1617,0.004408374607842325
1618,1618,0.0044091947550886895
1619,1619,0.004410020118230733
1620,1620,0.004410848697219282
1621,1621,0.004411679534801968
1622,1622,0.004412509761468047
1623,1623,0.004413341558578995
1624,1624,0.0044141728004633346
1625,1625,0.0044150060367521725
1626,1626,0.004415833531684845
1627,1627,0.004416664210741706
1628,1628,0.004417493140796065
1629,1629,0.004418325291755078
1630,1630,0.004419153240864811
1631,1631,0.004419974690797769
1632,1632,0.004420805864669131
1633,1633,0.004421634420955178
1634,1634,0.00442246220215427
1635,1635,0.00442329459948101
1636,1636,0.004424124320873648
1637,1637,0.004424952264344029
1638,1638,0.004425784103961957
1639,1639,0.004426616242253519
1640,1640,0.004427450903151334
1641,1641,0.004428286195075279
1642,1642,0.004429122422541937
1643,1643,0.004429957532154781
1644,1644,0.0044307966118591864
1645,1645,0.00443163148180066
1646,1646,0.004432465426387071
1647,1647,0.004433301117858386
1648,1648,0.004434141561691184
1649,1649,0.004434978106084128
1650,1650,0.004435812779977714
1651,1651,0.004436637940654951
1652,1652,0.004437452492876575
1653,1653,0.004438266353877424
1654,1654,0.004439080272430524
1655,1655,0.004439897678920248
1656,1656,0.004440718206626811
1657,1657,0.004441535818630327
1658,1658,0.00444235437141817
1659,1659,0.004443181481313813
1660,1660,0.0044440078148255315
1661,1661,0.004444835868710455
1662,1662,0.004445664570611406
1663,1663,0.0044464885107371
1664,1664,0.004447310515447595
1665,1665,0.004448137003056051
1666,1666,0.0044489671486378545
1667,1667,0.00444979768017366
1668,1668,0.004450622371247121
1669,1669,0.004451444307083715
1670,1670,0.0044522660829140635
1671,1671,0.004453086935902591
1672,1672,0.004453906157335833
1673,1673,0.004454728084982962
1674,1674,0.0044555554166667375
1675,1675,0.004456380865862963
1676,1676,0.0044572126993308375
1677,1677,0.004458037084889588
1678,1678,0.004458872297227129
1679,1679,0.004459706072055982
1680,1680,0.004460536716089152
1681,1681,0.004461369928613866
1682,1682,0.004462205170528637
1683,1683,0.004463039973125413
1684,1684,0.004463873347767409
1685,1685,0.004464708433695066
1686,1686,0.0044655445902803265
1687,1687,0.004466375327278296
1688,1688,0.00446721014614512
1689,1689,0.00446805029935487
1690,1690,0.0044688920544666355
1691,1691,0.004469735310270416
1692,1692,0.004470577585892753
1693,1693,0.0044714185353162674
1694,1694,0.004472264613976805
1695,1695,0.004473111688226414
1696,1696,0.004473962225987487
1697,1697,0.0044748123450060896
1698,1698,0.004475662199323039
1699,1699,0.004476512187808585
1700,1700,0.004477364573579259
1701,1701,0.004478223228432586
1702,1702,0.004479080681426836
1703,1703,0.004479931789885844
1704,1704,0.0044807801622784625
1705,1705,0.004481633373115802
1706,1706,0.004482489296057936
1707,1707,0.004483346438565063
1708,1708,0.004484203525021
1709,1709,0.0044850631850577695
1710,1710,0.0044859204618413195
1711,1711,0.004486775562855221
1712,1712,0.004487632924142963
1713,1713,0.004488484236818003
1714,1714,0.0044893376008167665
1715,1715,0.004490191706979376
1716,1716,0.004491044566935743
1717,1717,0.004491895257873116
1718,1718,0.004492736361501627
1719,1719,0.004493576226572939
1720,1720,0.004494408559451291
1721,1721,0.004495234149069764
1722,1722,0.0044960658555241095
1723,1723,0.004496899902272592
1724,1724,0.004497732891247361
1725,1725,0.004498564530712328
1726,1726,0.004499402675947876
1727,1727,0.004500245990562167
1728,1728,0.004501088267000323
1729,1729,0.004501927416464365
1730,1730,0.00450276532412484
1731,1731,0.004503609288202489
1732,1732,0.004504451447865419
1733,1733,0.0045052955529357435
1734,1734,0.004506142279415117
1735,1735,0.004506997261380136
1736,1736,0.0045078493047659325
1737,1737,0.004508701414707611
1738,1738,0.004509557296960247
1739,1739,0.0045104171510697635
1740,1740,0.00451127431435016
1741,1741,0.004512140790850164
1742,1742,0.004513005572887591
1743,1743,0.004513867323470861
1744,1744,0.004514729234364088
1745,1745,0.0045155881423010035
1746,1746,0.004516448133469035
1747,1747,0.004517309912241829
1748,1748,0.004518173253458079
1749,1749,0.004519036909309209
1750,1750,0.00451989905883088
1751,1751,0.004520761854809525
1752,1752,0.004521623540075205
1753,1753,0.0045224815289518485
1754,1754,0.004523337199470294
1755,1755,0.004524190902951657
1756,1756,0.0045250438377919516
1757,1757,0.004525897964049319
1758,1758,0.004526754155578276
1759,1759,0.004527608201837055
1760,1760,0.004528458143198071
1761,1761,0.004529315358658437
1762,1762,0.0045301713067259965
1763,1763,0.0045310302336124516
1764,1764,0.004531898869684769
1765,1765,0.0045327677304399655
1766,1766,0.004533638910419111
1767,1767,0.004534505825457442
1768,1768,0.004535370094820658
1769,1769,0.004536230512256837
1770,1770,0.00453708921165257
1771,1771,0.004537946952944649
1772,1772,0.004538812482801468
1773,1773,0.004539673165892644
1774,1774,0.004540535964145286
1775,1775,0.004541399884772857
1776,1776,0.004542266677281893
1777,1777,0.004543131828269595
1778,1778,0.004543997038584594
1779,1779,0.004544862080998511
1780,1780,0.004545727895384374
1781,1781,0.004546594746231069
1782,1782,0.004547456509537314
1783,1783,0.004548317083399354
1784,1784,0.004549176269051469
1785,1785,0.0045500350354685005
1786,1786,0.00455089232279302
1787,1787,0.004551744825165487
1788,1788,0.004552597309237875
1789,1789,0.004553447383093046
1790,1790,0.004554294740557695
1791,1791,0.004555139762248863
1792,1792,0.004555986157844135
1793,1793,0.004556833560418491
1794,1794,0.004557680683455362
1795,1795,0.004558533785415788
1796,1796,0.004559386020963375
1797,1797,0.004560238824832106
1798,1798,0.004561097318011513
1799,1799,0.00456195405612778
1800,1800,0.0045628107818394895
1801,1801,0.004563666543173407
1802,1802,0.004564521906842686
1803,1803,0.004565381547260887
1804,1804,0.004566240255802501
1805,1805,0.004567102876432137
1806,1806,0.004567970618707143
1807,1807,0.004568838289791313
1808,1808,0.004569703630833688
1809,1809,0.0045705652237052405
1810,1810,0.004571424985504908
1811,1811,0.004572287333866509
1812,1812,0.004573145321391453
1813,1813,0.004574000534813977
1814,1814,0.004574855315488817
1815,1815,0.004575711078130453
1816,1816,0.004576567437980604
1817,1817,0.004577424438535107
1818,1818,0.004578280718444178
1819,1819,0.004579136368765475
1820,1820,0.004579993178226444
1821,1821,0.004580853067273
1822,1822,0.004581710064024969
1823,1823,0.004582561539170033
1824,1824,0.004583414297318845
1825,1825,0.004584273574768399
1826,1826,0.004585133464660427
1827,1827,0.00458599512309163
1828,1828,0.004586858374648183
1829,1829,0.004587721021444287
1830,1830,0.0045885827081398566
1831,1831,0.004589440372337725
1832,1832,0.004590292455743235
1833,1833,0.004591144369231711
1834,1834,0.004591994120197711
1835,1835,0.004592841407181972
1836,1836,0.00459368886031404
1837,1837,0.0045945414593361236
1838,1838,0.004595395109662626
1839,1839,0.004596245507588486
1840,1840,0.004597105593831492
1841,1841,0.004597962004340929
1842,1842,0.004598811724757342
1843,1843,0.0045996633955816555
1844,1844,0.0046005187700845895
1845,1845,0.004601370491051038
1846,1846,0.004602223672241301
1847,1847,0.004603074996892975
1848,1848,0.004603927474563013
1849,1849,0.004604787376383998
1850,1850,0.004605649780416415
1851,1851,0.004606514828987943
1852,1852,0.004607380337231283
1853,1853,0.004608238280961749
1854,1854,0.004609099487545805
1855,1855,0.004609963460889515
1856,1856,0.004610823573088217
1857,1857,0.004611682106195086
1858,1858,0.0046125381200949065
1859,1859,0.004613391052985081
1860,1860,0.004614246125768003
1861,1861,0.004615097997424129
1862,1862,0.004615951466552983
1863,1863,0.004616805688839171
1864,1864,0.004617663258239733
1865,1865,0.004618521126689261
1866,1866,0.004619381701580768
1867,1867,0.004620243334623233
1868,1868,0.004621104409191488
1869,1869,0.004621972251054292
1870,1870,0.004622837574882546
1871,1871,0.004623702770781527
1872,1872,0.004624570236580342
1873,1873,0.004625443628360471
1874,1874,0.004626313539064747
1875,1875,0.004627177391334785
1876,1876,0.004628043590985221
1877,1877,0.004628909715008586
1878,1878,0.004629776636506505
1879,1879,0.00463064214995808
1880,1880,0.004631505505160837
1881,1881,0.004632370445851109
1882,1882,0.004633238535720612
1883,1883,0.004634114743541055
1884,1884,0.00463499358832308
1885,1885,0.004635868522355264
1886,1886,0.004636746448380971
1887,1887,0.0046376205625602695
1888,1888,0.004638498091825054
1889,1889,0.004639371632211901
1890,1890,0.004640242598777647
1891,1891,0.00464111692660271
1892,1892,0.004641990298437838
1893,1893,0.0046428624956811075
1894,1894,0.004643731794805214
1895,1895,0.004644597607534738
1896,1896,0.004645460431774354
1897,1897,0.004646324941440845
1898,1898,0.0046471886036984255
1899,1899,0.004648045110137806
1900,1900,0.0046488941537308655
1901,1901,0.004649740319308635
1902,1902,0.004650584638294145
1903,1903,0.004651432149562605
1904,1904,0.004652274699152319
1905,1905,0.004653123379196846
1906,1906,0.004653973455762035
1907,1907,0.004654817902316794
1908,1908,0.004655657677117138
1909,1909,0.0046564989207388005
1910,1910,0.004657335282452853
1911,1911,0.004658169581944218
1912,1912,0.0046590029310441495
1913,1913,0.004659833856016694
1914,1914,0.004660663623746423
1915,1915,0.004661499064948661
1916,1916,0.004662333633147116
1917,1917,0.004663171220536388
1918,1918,0.004664006917065611
1919,1919,0.004664845806431395
1920,1920,0.004665685080078754
1921,1921,0.004666526847929913
1922,1922,0.004667370028957646
1923,1923,0.004668208794410076
1924,1924,0.004669046141081475
1925,1925,0.004669886203534153
1926,1926,0.004670725663546079
1927,1927,0.004671563625382461
1928,1928,0.0046724051504430306
1929,1929,0.0046732489105134
1930,1930,0.004674092385356164
1931,1931,0.004674934598337854
1932,1932,0.0046757805665849726
1933,1933,0.004676629488570082
1934,1934,0.004677476276410675
1935,1935,0.004678323015329705
1936,1936,0.004679173017734735
1937,1937,0.0046800201624923364
1938,1938,0.00468087042966898
1939,1939,0.004681721033567448
1940,1940,0.004682568910928084
1941,1941,0.0046834113977006495
1942,1942,0.004684256870369422
1943,1943,0.004685098997484186
1944,1944,0.004685941100381371
1945,1945,0.004686784476797069
1946,1946,0.004687626753415025
1947,1947,0.004688467589408551
1948,1948,0.004689305618446149
1949,1949,0.004690144474034676
1950,1950,0.0046909814935129955
1951,1951,0.004691813835003365
1952,1952,0.00469264530121961
1953,1953,0.004693473303317259
1954,1954,0.004694302804762586
1955,1955,0.004695129706916782
1956,1956,0.0046959583068846055
1957,1957,0.0046967786785720635
1958,1958,0.004697596536654581
1959,1959,0.004698409080371471
1960,1960,0.004699217910391119
1961,1961,0.004700029256909558
1962,1962,0.004700838866264292
1963,1963,0.004701649383910641
1964,1964,0.004702461540998901
1965,1965,0.004703274033669536
1966,1966,0.004704088338387774
1967,1967,0.004704904195773302
1968,1968,0.004705719816460011
1969,1969,0.004706538010995505
1970,1970,0.004707356430748925
1971,1971,0.004708181821646518
1972,1972,0.004709007934484839
1973,1973,0.004709835802511716
1974,1974,0.004710665496101848
1975,1975,0.004711495866083564
1976,1976,0.004712325996745202
1977,1977,0.004713156976530672
1978,1978,0.0047139868980780085
1979,1979,0.0047148074815572105
1980,1980,0.004715628288742361
1981,1981,0.004716450952540937
1982,1982,0.0047172721110064
1983,1983,0.004718098094513414
1984,1984,0.0047189256792880396
1985,1985,0.004719757988629088
1986,1986,0.004720590151813284
1987,1987,0.004721419831670794
1988,1988,0.004722250466946462
1989,1989,0.0047230831723946536
1990,1990,0.004723916617251884
1991,1991,0.004724750580887413
1992,1992,0.004725586618245436
1993,1993,0.0047264210105192805
1994,1994,0.004727256432825971
1995,1995,0.004728092474998441
1996,1996,0.004728927419575474
1997,1997,0.004729765158295569
1998,1998,0.0047306039755625265
1999,1999,0.0047314435947739325
